student_id,age,gender,ethnicity,grade_level,gpa,prev_year_gpa,attendance_rate,prev_year_attendance,math_score,reading_score,disciplinary_incidents,days_suspended,extracurricular_activities,credits_earned,credits_attempted,free_reduced_lunch,parent_education,special_education,english_learner,gifted_talented,school_changes,dropped_out
STU000001,16,M,Other,11,1.76,1.79,0.869,0.738,434,442,0,0,0,66,67,1,Some College,0,0,0,0,0
STU000002,16,M,White,11,3.5,3.79,0.961,1.0,604,631,0,0,1,66,68,0,Bachelor+,0,0,0,1,0
STU000003,17,M,White,12,3.15,2.99,0.872,0.901,485,604,0,0,2,69,69,0,Some College,0,0,1,1,0
STU000004,14,M,White,9,3.5,3.22,1.0,1.0,521,630,0,0,1,53,53,1,Bachelor+,0,0,0,0,1
STU000005,17,F,White,12,2.5,2.35,1.0,0.985,473,455,5,5,3,70,77,0,Less than HS,0,0,0,0,1
STU000006,14,M,Hispanic,9,2.96,3.28,0.881,0.931,521,512,1,1,4,54,56,0,High School,0,0,0,0,0
STU000007,17,M,Other,12,2.66,2.89,0.998,1.0,458,472,1,3,4,74,77,0,High School,1,0,0,0,0
STU000008,17,F,Hispanic,12,2.79,3.35,0.868,0.887,560,518,0,0,2,70,72,1,Less than HS,0,0,0,0,1
STU000009,14,F,Black,9,1.14,1.24,0.929,0.937,378,384,1,3,2,54,56,0,Less than HS,1,1,0,0,0
STU000010,14,M,Hispanic,9,1.36,2.18,0.743,0.748,499,399,3,9,2,52,55,1,High School,0,0,0,0,1
STU000011,16,F,White,11,2.3,2.76,0.914,0.868,496,597,1,0,1,69,70,1,Less than HS,1,0,0,0,0
STU000012,15,F,Black,10,2.31,2.15,1.0,0.994,433,558,1,2,1,61,63,1,Bachelor+,0,0,0,1,1
STU000013,16,F,White,11,2.02,1.64,1.0,0.962,458,484,0,0,0,68,70,0,Some College,0,0,0,0,0
STU000014,16,F,White,11,2.78,2.9,1.0,1.0,511,509,0,0,0,63,63,0,Less than HS,0,1,0,0,0
STU000015,18,M,White,12,1.68,1.84,1.0,1.0,393,404,0,0,1,69,69,0,High School,0,0,0,2,0
STU000016,17,F,Hispanic,12,3.46,3.28,1.0,1.0,609,556,0,0,2,70,71,1,High School,0,0,0,0,0
STU000017,17,F,Hispanic,12,4.0,4.0,0.951,0.907,622,699,0,0,3,75,75,0,Bachelor+,0,0,0,0,0
STU000018,18,M,White,12,1.9,2.08,0.901,0.933,444,475,2,0,1,73,75,1,High School,0,1,0,0,1
STU000019,18,M,Black,12,1.89,1.48,0.891,0.948,498,414,1,0,0,71,72,1,Some College,0,1,0,2,0
STU000020,16,F,White,11,2.11,1.78,0.918,0.956,426,460,0,0,2,69,69,1,Some College,0,1,0,0,0
STU000021,18,M,Black,12,0.75,0.9,0.882,0.992,286,335,4,12,2,71,76,1,Less than HS,1,0,0,0,1
STU000022,15,M,White,10,1.82,2.05,0.781,0.855,356,473,0,0,2,58,60,0,High School,0,0,0,0,0
STU000023,14,F,White,9,3.17,3.75,0.898,0.861,572,582,2,0,4,53,55,1,Some College,1,0,0,0,1
STU000024,15,M,Hispanic,10,2.32,2.66,0.931,0.957,584,579,2,4,1,61,63,0,Less than HS,0,0,0,2,0
STU000025,15,F,Black,10,2.53,2.77,1.0,0.943,519,501,0,0,0,62,62,0,Some College,1,0,0,0,0
STU000026,16,F,White,11,2.73,2.74,0.913,0.889,500,495,0,0,1,64,64,0,Some College,0,0,0,0,0
STU000027,15,F,White,10,2.12,1.94,0.968,1.0,499,434,1,1,2,62,64,1,Less than HS,0,0,0,1,0
STU000028,15,F,White,10,2.05,1.79,0.934,0.934,458,408,1,0,2,59,60,0,High School,0,0,0,0,0
STU000029,16,F,White,11,0.72,0.71,0.824,0.699,259,396,1,3,3,69,72,0,High School,1,0,0,3,1
STU000030,17,M,Other,12,3.4,3.47,1.0,1.0,652,581,0,0,1,72,72,0,Bachelor+,0,0,0,1,0
STU000031,17,M,Black,12,1.73,1.42,0.859,0.878,435,422,2,0,2,72,75,0,Some College,0,0,0,2,1
STU000032,17,M,Hispanic,12,1.85,2.06,0.876,0.987,449,551,2,6,1,74,78,1,High School,0,0,0,0,0
STU000033,15,M,White,10,1.6,2.28,0.929,0.911,388,448,2,0,2,59,63,1,Bachelor+,0,0,1,1,0
STU000034,18,F,White,12,1.87,1.52,0.867,0.833,485,494,3,0,2,74,78,0,Bachelor+,0,0,0,0,1
STU000035,15,F,Asian,10,2.36,2.77,0.864,0.843,510,590,3,6,0,61,64,1,Less than HS,1,1,0,1,1
STU000036,18,M,White,12,1.91,2.23,0.836,0.802,363,291,2,4,0,69,73,0,Bachelor+,0,0,0,0,1
STU000037,14,M,Black,9,4.0,3.96,0.981,1.0,648,653,0,0,1,55,55,1,High School,0,0,1,0,0
STU000038,17,M,Black,12,1.69,2.46,0.89,0.898,444,406,5,0,0,75,82,1,Some College,0,0,0,0,1
STU000039,15,F,Black,10,1.02,1.16,0.901,0.839,315,396,2,2,3,63,65,1,Bachelor+,0,0,1,0,0
STU000040,14,M,Hispanic,9,1.73,1.32,0.994,0.971,428,435,1,1,2,52,53,0,High School,1,0,0,0,0
STU000041,15,M,Asian,10,2.38,2.67,1.0,0.969,511,502,2,0,2,61,64,0,Less than HS,1,0,0,0,0
STU000042,15,M,Black,10,2.93,3.11,0.956,0.88,568,534,0,0,0,60,62,0,Bachelor+,0,1,0,0,0
STU000043,15,F,White,10,2.3,2.89,1.0,1.0,450,493,0,0,3,63,63,0,High School,0,0,0,0,0
STU000044,16,F,Hispanic,11,3.35,2.93,0.857,0.882,530,638,3,3,0,64,69,1,Bachelor+,0,0,1,0,1
STU000045,17,F,White,12,0.58,0.57,0.851,0.825,357,331,0,0,1,71,73,1,Bachelor+,0,0,0,0,0
STU000046,15,F,Other,10,3.36,3.28,0.935,0.891,608,622,0,0,1,63,63,0,High School,0,0,0,0,0
STU000047,17,F,White,12,3.91,3.73,0.851,0.833,644,605,0,0,2,73,74,0,Bachelor+,1,0,0,1,0
STU000048,18,M,Hispanic,12,1.29,1.28,0.939,1.0,406,444,1,3,1,74,77,0,Some College,0,0,0,0,1
STU000049,14,F,White,9,3.64,3.66,1.0,1.0,645,668,0,0,3,55,57,0,Bachelor+,0,1,0,0,0
STU000050,15,F,White,10,2.1,1.98,1.0,0.966,469,464,1,3,0,61,64,0,High School,0,0,0,0,0
STU000051,18,F,White,12,2.04,2.08,0.772,0.749,502,430,4,0,1,73,79,0,Bachelor+,0,0,0,1,1
STU000052,15,M,White,10,3.25,3.21,1.0,1.0,586,539,1,0,4,60,61,1,Some College,0,0,0,0,0
STU000053,14,M,Other,9,3.55,3.4,1.0,0.953,521,576,0,0,3,52,54,0,Bachelor+,0,0,0,0,0
STU000054,14,F,Hispanic,9,2.94,2.66,0.909,0.989,478,605,1,3,1,55,57,0,Some College,0,0,0,3,0
STU000055,17,F,Hispanic,12,4.0,4.0,1.0,0.95,739,594,0,0,0,72,73,1,Less than HS,0,0,0,0,0
STU000056,17,F,White,12,2.59,2.53,0.882,0.948,543,529,2,4,1,71,74,0,Some College,0,0,1,0,0
STU000057,17,F,White,12,1.46,1.43,0.947,0.88,452,564,4,4,1,73,77,0,High School,1,0,1,1,1
STU000058,17,F,White,12,2.77,3.01,0.973,0.982,523,505,1,3,1,70,73,1,Bachelor+,0,0,0,0,0
STU000059,16,F,Hispanic,11,0.54,0.28,0.859,0.945,266,302,3,0,1,63,67,1,Some College,0,0,0,0,1
STU000060,15,M,Hispanic,10,3.77,3.68,0.852,0.871,545,687,0,0,3,60,62,0,Some College,0,0,0,0,0
STU000061,17,M,Black,12,2.77,2.71,0.87,0.92,608,634,0,0,2,69,71,0,Some College,0,0,0,0,0
STU000062,18,M,White,12,0.0,0.33,0.889,0.948,290,200,2,2,2,75,77,0,Bachelor+,0,0,0,0,0
STU000063,15,M,Hispanic,10,2.29,2.25,0.949,0.885,439,529,2,0,0,62,66,0,High School,0,0,0,0,1
STU000064,14,M,White,9,1.29,1.98,1.0,1.0,409,387,3,0,1,55,60,0,Less than HS,0,0,0,1,0
STU000065,18,F,Other,12,0.71,0.58,0.865,0.835,250,303,5,5,2,70,76,1,Some College,1,0,1,0,1
STU000066,18,F,White,12,0.47,0.38,0.853,0.873,273,370,1,0,2,74,75,0,High School,0,0,0,0,0
STU000067,14,M,Hispanic,9,2.32,2.41,0.858,0.823,588,417,2,0,0,55,59,0,Bachelor+,0,0,0,0,1
STU000068,14,F,White,9,1.93,1.44,1.0,1.0,458,416,1,1,1,55,56,1,High School,0,0,0,0,1
STU000069,17,F,White,12,3.59,4.0,0.873,0.9,547,642,1,3,2,72,73,0,Bachelor+,0,0,0,0,0
STU000070,17,M,White,12,1.84,1.76,0.885,0.864,495,445,2,4,3,73,76,0,Some College,0,1,0,0,1
STU000071,14,M,White,9,2.76,2.68,0.946,0.925,521,575,3,0,1,53,57,0,High School,0,0,0,2,0
STU000072,18,F,Black,12,1.37,1.52,0.789,0.792,333,375,1,1,1,75,76,1,Bachelor+,0,0,0,0,1
STU000073,17,M,White,12,2.76,2.73,0.895,0.876,496,615,1,2,0,71,72,1,Less than HS,0,0,0,0,0
STU000074,14,M,Black,9,2.21,2.04,0.976,0.846,556,414,1,1,2,55,56,0,High School,0,0,0,0,0
STU000075,18,F,White,12,2.0,1.96,0.925,0.81,401,518,0,0,0,70,71,0,Less than HS,0,1,0,0,1
STU000076,14,F,Asian,9,2.36,2.37,0.913,0.876,526,447,2,2,2,57,59,0,Some College,1,0,0,0,0
STU000077,18,F,Hispanic,12,2.2,1.67,0.86,0.91,356,412,2,2,0,72,74,0,Bachelor+,0,0,0,0,1
STU000078,17,M,White,12,1.82,1.74,0.983,0.944,434,449,4,8,0,70,76,1,Some College,0,0,1,0,1
STU000079,17,M,White,12,2.69,2.64,1.0,1.0,477,584,3,3,2,69,73,0,High School,1,0,0,0,0
STU000080,16,M,Other,11,2.67,2.56,0.956,0.987,566,527,1,1,0,63,64,0,High School,0,0,0,0,0
STU000081,18,F,White,12,1.7,1.82,0.842,0.828,451,416,1,2,1,71,72,1,Some College,0,0,0,0,0
STU000082,18,M,White,12,0.86,1.61,0.745,0.728,337,403,1,1,1,72,74,0,High School,0,0,0,0,1
STU000083,16,M,Hispanic,11,0.54,0.5,0.833,0.822,259,267,5,0,2,66,73,0,High School,0,0,0,1,1
STU000084,14,F,Black,9,2.12,2.18,0.978,0.959,432,392,2,6,1,56,59,1,Bachelor+,0,0,0,0,0
STU000085,17,F,Hispanic,12,2.96,2.89,0.941,0.82,558,607,0,0,1,71,72,0,High School,1,0,0,0,0
STU000086,17,M,Hispanic,12,3.49,3.3,1.0,1.0,556,627,0,0,4,72,72,0,Bachelor+,0,0,0,0,0
STU000087,18,F,Other,12,1.57,2.17,0.8,0.693,403,386,3,9,0,71,75,1,Bachelor+,0,0,0,1,1
STU000088,18,F,Hispanic,12,1.24,1.56,1.0,1.0,330,387,1,1,1,74,77,1,High School,0,1,0,0,0
STU000089,15,F,White,10,1.79,1.24,0.912,0.895,477,543,0,0,3,59,61,0,High School,0,0,0,0,0
STU000090,17,F,White,12,2.02,1.86,0.912,0.94,405,518,3,0,1,69,72,1,Bachelor+,0,0,0,0,0
STU000091,15,M,White,10,1.59,1.64,0.913,0.893,415,324,0,0,0,61,63,0,Bachelor+,1,1,0,0,0
STU000092,14,F,Hispanic,9,1.35,1.39,0.989,1.0,361,401,2,6,0,57,61,1,Some College,1,0,0,0,1
STU000093,17,M,White,12,2.83,2.54,0.996,0.977,627,524,2,4,1,75,78,1,Bachelor+,0,0,0,0,1
STU000094,14,F,White,9,2.96,2.4,0.904,0.889,579,522,0,0,0,54,54,0,Bachelor+,0,0,0,0,0
STU000095,17,M,Hispanic,12,3.66,3.46,0.924,1.0,531,657,0,0,1,73,75,0,Bachelor+,1,0,0,0,1
STU000096,14,F,White,9,2.65,2.39,0.865,0.819,498,495,2,4,0,57,60,0,Some College,0,1,0,0,0
STU000097,14,M,White,9,0.29,0.0,1.0,1.0,253,200,4,12,0,54,58,0,Less than HS,0,1,0,0,1
STU000098,14,M,Asian,9,1.7,1.93,0.911,0.987,405,430,2,6,1,54,56,1,High School,0,0,0,0,0
STU000099,14,F,Hispanic,9,1.75,1.66,0.84,0.929,314,380,2,2,1,51,55,1,Less than HS,0,0,0,0,0
STU000100,16,F,Black,11,1.24,1.19,0.899,0.825,372,369,2,2,3,68,70,1,Some College,1,0,0,1,1
STU000101,17,M,Hispanic,12,2.77,3.12,0.794,0.774,492,424,2,4,1,72,74,1,High School,0,0,0,1,0
STU000102,15,M,Black,10,2.55,2.21,1.0,1.0,442,471,2,0,4,62,66,1,High School,0,0,0,0,1
STU000103,16,F,White,11,3.29,3.43,1.0,1.0,597,569,0,0,2,67,67,0,Bachelor+,0,0,0,1,0
STU000104,18,M,White,12,3.29,3.62,1.0,1.0,525,588,0,0,3,71,71,0,Less than HS,0,0,1,0,1
STU000105,14,M,White,9,1.65,2.25,0.849,0.849,419,399,0,0,0,53,54,1,Bachelor+,0,0,0,1,1
STU000106,14,M,White,9,2.97,2.55,0.971,1.0,436,450,1,2,4,57,58,1,Some College,0,1,0,0,0
STU000107,18,M,White,12,0.66,0.92,0.794,0.788,247,291,2,4,0,70,72,1,Less than HS,0,0,0,0,1
STU000108,17,M,Asian,12,2.1,2.11,0.916,0.947,378,372,0,0,1,74,74,1,Bachelor+,0,0,0,0,1
STU000109,17,M,Hispanic,12,1.37,1.27,0.857,0.814,352,396,2,0,2,73,77,0,Bachelor+,0,0,0,1,0
STU000110,17,M,Black,12,2.92,2.73,0.806,0.807,507,625,0,0,0,70,72,1,Some College,0,0,0,0,0
STU000111,14,M,Hispanic,9,2.74,2.38,0.956,0.979,576,419,2,4,1,51,55,0,Bachelor+,0,1,0,0,0
STU000112,17,F,White,12,3.37,3.74,0.882,0.866,636,565,0,0,1,71,71,0,Some College,1,0,0,1,0
STU000113,14,F,Black,9,2.73,2.78,0.911,0.824,621,477,0,0,0,56,57,1,Bachelor+,0,0,1,1,1
STU000114,14,M,White,9,2.88,3.01,0.945,0.946,564,533,1,3,1,57,58,0,Some College,0,0,0,0,1
STU000115,15,F,Hispanic,10,3.06,3.66,1.0,1.0,647,585,2,6,2,61,64,0,Some College,0,0,0,0,0
STU000116,17,M,Hispanic,12,2.42,2.55,0.879,0.828,473,474,2,4,4,72,76,1,Bachelor+,0,1,0,1,0
STU000117,14,M,Hispanic,9,2.3,2.3,0.796,0.731,489,592,0,0,3,56,57,1,Some College,0,0,0,0,0
STU000118,18,F,Black,12,2.16,1.92,0.947,1.0,445,379,1,1,0,74,77,0,Bachelor+,1,0,0,0,1
STU000119,18,F,Other,12,2.33,2.71,1.0,0.976,500,453,2,2,1,70,74,1,Bachelor+,0,0,0,0,1
STU000120,15,M,Hispanic,10,1.57,1.92,1.0,0.97,370,424,0,0,4,59,60,1,High School,1,1,0,0,0
STU000121,15,M,Hispanic,10,1.83,1.67,0.823,0.813,468,529,2,4,1,60,64,1,Bachelor+,1,0,0,1,1
STU000122,18,M,White,12,2.36,2.16,0.852,0.913,480,543,0,0,2,73,74,0,High School,0,0,0,1,0
STU000123,17,M,White,12,2.64,2.42,0.877,0.918,462,456,0,0,0,72,73,0,Less than HS,0,0,0,0,0
STU000124,18,F,Asian,12,2.75,2.88,1.0,1.0,612,577,0,0,2,71,72,1,Bachelor+,0,0,0,2,1
STU000125,17,M,Black,12,1.25,1.23,0.869,0.891,385,369,0,0,1,74,74,1,High School,0,0,0,1,0
STU000126,16,F,Black,11,3.09,3.78,0.975,1.0,583,624,1,3,2,68,69,1,Some College,0,1,0,0,0
STU000127,16,M,White,11,0.95,0.81,0.881,0.83,412,341,5,0,1,68,73,1,High School,1,0,0,0,1
STU000128,16,F,White,11,1.42,1.54,0.796,0.794,363,415,4,8,1,63,68,0,Less than HS,0,0,0,0,1
STU000129,15,F,Black,10,2.19,2.21,0.848,0.936,419,482,1,0,3,60,63,1,Some College,0,0,0,0,1
STU000130,16,F,Hispanic,11,1.97,1.53,0.928,0.999,440,394,1,2,3,65,67,0,Some College,0,0,0,0,0
STU000131,14,M,Asian,9,2.08,1.95,0.943,1.0,467,371,2,6,0,53,55,0,Bachelor+,0,0,0,0,0
STU000132,17,F,White,12,3.42,3.0,0.904,0.914,625,668,1,3,2,74,77,0,High School,0,0,0,0,0
STU000133,16,F,Black,11,2.49,2.87,0.957,0.933,543,498,1,2,0,64,67,1,Some College,0,0,0,0,1
STU000134,17,M,White,12,1.48,1.74,0.905,0.862,438,433,2,6,0,70,74,0,High School,0,0,0,0,0
STU000135,18,F,White,12,1.55,1.45,0.914,0.876,553,429,5,0,1,75,80,0,High School,0,1,0,0,1
STU000136,18,F,Hispanic,12,2.84,2.58,0.842,0.78,523,515,1,1,0,75,77,1,Some College,0,0,0,1,1
STU000137,14,F,White,9,0.69,0.72,0.899,0.913,365,272,2,6,4,51,55,0,Some College,0,0,0,0,0
STU000138,14,F,Hispanic,9,2.34,1.94,0.955,0.944,529,543,3,9,1,51,56,1,Some College,0,0,0,1,0
STU000139,14,M,White,9,2.78,2.63,0.892,0.927,538,592,2,0,1,53,56,1,Bachelor+,0,0,0,1,0
STU000140,16,M,White,11,3.29,3.05,0.977,1.0,495,675,0,0,2,64,64,1,High School,0,0,0,0,0
STU000141,16,M,White,11,1.86,1.97,0.846,0.872,511,370,5,5,2,66,73,0,Bachelor+,0,0,0,1,1
STU000142,16,F,White,11,3.17,3.03,0.844,0.84,609,495,2,2,3,67,69,1,High School,0,0,0,0,1
STU000143,18,F,White,12,3.2,3.09,1.0,0.949,534,579,3,9,1,71,74,1,Bachelor+,0,0,0,0,1
STU000144,17,F,Black,12,2.13,2.63,1.0,1.0,563,521,4,8,2,73,79,1,High School,0,0,0,1,1
STU000145,16,M,Black,11,2.95,2.99,1.0,1.0,527,514,2,2,0,69,71,0,Some College,0,0,0,0,0
STU000146,17,F,White,12,1.66,1.55,0.925,0.934,438,427,4,8,1,71,76,1,Less than HS,0,0,0,0,0
STU000147,16,F,White,11,3.24,3.38,0.976,1.0,615,568,1,3,1,69,70,0,Bachelor+,1,0,0,0,0
STU000148,15,F,White,10,2.71,2.29,0.901,0.836,490,577,0,0,0,58,60,0,Some College,0,0,0,0,0
STU000149,15,M,Asian,10,2.9,3.71,0.916,0.907,555,548,0,0,0,60,61,0,Bachelor+,0,0,0,3,0
STU000150,15,F,White,10,3.55,4.0,1.0,1.0,665,606,2,4,1,57,61,0,Bachelor+,0,0,0,0,1
STU000151,17,F,White,12,4.0,3.98,1.0,1.0,651,664,0,0,2,71,72,0,Some College,1,0,0,0,0
STU000152,14,F,Black,9,1.86,1.82,1.0,0.941,560,564,3,0,2,55,58,1,High School,1,0,0,0,1
STU000153,18,M,Asian,12,2.35,2.4,0.933,0.903,565,505,1,1,0,73,75,1,Some College,1,0,0,0,1
STU000154,18,F,Black,12,0.7,0.73,0.849,0.816,332,279,1,0,2,70,72,0,Less than HS,0,0,0,0,1
STU000155,15,F,Hispanic,10,1.33,1.21,0.795,0.811,332,395,2,6,2,63,65,0,Bachelor+,0,0,0,0,1
STU000156,14,F,White,9,2.73,2.4,0.875,0.89,481,453,2,6,1,56,60,1,Some College,1,0,0,2,0
STU000157,15,M,White,10,2.69,2.82,0.906,0.989,547,557,1,3,1,63,64,1,Some College,0,0,0,2,0
STU000158,18,F,Hispanic,12,1.18,1.32,1.0,1.0,413,380,5,10,2,70,76,1,Some College,0,0,0,0,1
STU000159,18,M,White,12,1.42,1.66,0.931,0.836,376,435,2,2,1,75,78,1,High School,1,0,0,0,1
STU000160,18,F,White,12,0.49,0.36,0.972,1.0,234,232,2,0,2,74,76,1,High School,0,0,0,0,0
STU000161,14,F,White,9,3.78,3.41,0.959,0.923,648,663,0,0,2,56,56,0,High School,0,0,0,0,0
STU000162,16,M,Hispanic,11,1.88,1.52,1.0,0.98,414,425,1,1,1,67,70,0,Some College,0,0,0,0,0
STU000163,17,M,White,12,1.63,1.33,0.722,0.804,379,353,0,0,1,73,73,1,Bachelor+,0,0,1,1,1
STU000164,15,F,Black,10,2.26,2.23,0.794,0.815,500,461,0,0,0,59,60,0,Less than HS,0,0,0,1,1
STU000165,14,F,Hispanic,9,4.0,4.0,0.922,0.905,668,571,0,0,1,56,56,0,Bachelor+,0,1,0,0,0
STU000166,15,F,White,10,2.52,1.95,0.927,0.993,448,452,0,0,3,58,59,0,Bachelor+,0,0,0,0,0
STU000167,15,M,Hispanic,10,1.31,1.33,0.873,0.868,419,351,3,9,1,61,65,1,High School,1,0,0,0,0
STU000168,15,M,White,10,1.93,2.44,1.0,0.957,410,411,2,0,1,60,63,1,Bachelor+,0,0,0,0,1
STU000169,18,M,Hispanic,12,3.06,3.09,0.914,0.912,573,500,0,0,2,74,75,0,Bachelor+,0,0,0,0,1
STU000170,16,M,White,11,1.87,2.31,0.76,0.775,472,336,1,0,1,63,66,1,Bachelor+,0,0,0,0,0
STU000171,17,M,Hispanic,12,2.23,2.12,0.881,0.943,459,418,0,0,2,69,69,0,Some College,0,0,0,0,0
STU000172,15,M,White,10,3.77,3.82,0.81,0.857,572,725,0,0,2,63,63,0,Bachelor+,0,0,1,0,0
STU000173,15,M,White,10,1.7,1.85,0.935,0.907,475,339,1,0,2,59,61,0,Bachelor+,0,0,0,0,0
STU000174,17,F,White,12,2.22,2.23,0.996,0.981,504,455,0,0,1,71,72,1,Some College,0,0,0,1,0
STU000175,14,F,Black,9,1.73,2.02,0.901,0.984,439,422,1,0,1,55,57,0,Some College,1,0,0,0,0
STU000176,17,F,White,12,2.72,3.48,0.974,0.942,626,464,1,3,1,70,73,1,Bachelor+,1,0,0,0,1
STU000177,17,M,White,12,1.23,1.36,1.0,0.932,292,326,2,4,1,71,75,0,Less than HS,0,0,1,1,0
STU000178,18,M,Asian,12,1.59,1.91,1.0,0.974,394,500,2,4,1,71,75,0,Less than HS,0,0,0,0,1
STU000179,17,M,White,12,2.57,2.34,1.0,0.985,451,616,0,0,1,75,76,1,Some College,0,0,0,0,0
STU000180,16,F,White,11,2.75,3.01,1.0,1.0,535,579,0,0,1,66,68,0,High School,0,0,0,0,0
STU000181,16,F,Black,11,3.83,3.96,0.971,0.999,590,686,0,0,0,63,65,0,Some College,0,1,0,0,0
STU000182,18,F,Black,12,1.82,1.75,0.881,0.921,335,483,1,3,0,71,74,0,Bachelor+,0,0,0,0,1
STU000183,17,M,Hispanic,12,2.7,2.58,0.914,0.849,518,550,0,0,0,75,75,0,High School,0,0,0,0,0
STU000184,15,F,Black,10,2.31,2.82,0.99,1.0,397,560,3,3,0,60,65,1,High School,0,0,0,1,0
STU000185,15,F,White,10,2.57,2.61,0.803,0.755,513,524,0,0,0,60,61,0,Some College,0,0,1,0,0
STU000186,17,F,White,12,2.44,2.6,0.934,1.0,493,438,0,0,0,75,76,1,Less than HS,1,0,1,0,0
STU000187,14,M,White,9,2.84,2.85,1.0,1.0,571,522,0,0,2,54,56,1,Bachelor+,0,0,1,0,0
STU000188,16,F,Asian,11,1.22,1.17,0.94,1.0,397,468,1,0,0,69,72,0,Some College,0,0,0,0,1
STU000189,14,F,Black,9,1.96,2.33,0.866,0.846,444,391,2,6,2,55,57,1,High School,0,0,0,0,0
STU000190,15,F,White,10,2.18,2.46,0.93,0.939,423,451,1,0,0,60,62,0,Bachelor+,0,0,0,0,0
STU000191,16,M,Hispanic,11,1.3,1.06,1.0,0.979,463,416,3,0,2,69,74,0,High School,0,0,0,0,1
STU000192,18,M,Black,12,3.06,3.29,0.92,0.881,541,577,0,0,1,73,73,0,Some College,0,0,1,1,0
STU000193,18,M,White,12,1.21,1.69,0.92,0.972,329,406,1,1,0,71,73,1,High School,0,0,0,0,1
STU000194,14,F,Asian,9,1.49,1.38,0.935,0.971,374,393,1,3,0,54,57,0,Bachelor+,1,0,0,1,0
STU000195,15,F,White,10,1.72,1.82,0.985,0.947,391,418,4,8,2,61,65,1,Some College,0,0,0,0,0
STU000196,16,F,White,11,2.61,2.43,1.0,1.0,584,409,0,0,1,67,69,1,High School,0,0,0,1,0
STU000197,14,F,White,9,2.32,2.76,0.895,0.904,508,535,1,3,1,56,57,0,High School,0,0,0,0,1
STU000198,18,M,White,12,0.58,0.94,0.956,0.996,200,269,4,12,1,70,74,0,Less than HS,0,0,0,0,1
STU000199,16,M,White,11,2.13,2.08,0.945,0.94,471,410,1,2,2,63,65,0,High School,0,0,0,1,0
STU000200,15,M,Hispanic,10,2.32,1.89,0.777,0.751,527,443,3,3,1,59,64,1,Bachelor+,0,0,0,1,1
STU000201,14,F,White,9,1.13,1.42,0.908,0.917,447,344,6,12,0,54,61,1,High School,0,0,0,0,0
STU000202,17,M,Hispanic,12,3.77,3.7,0.973,0.905,631,757,2,6,0,70,73,0,Some College,0,0,0,1,0
STU000203,18,M,Hispanic,12,1.59,1.4,0.965,0.907,431,432,3,9,2,70,75,0,Bachelor+,0,0,1,0,0
STU000204,15,F,Hispanic,10,3.17,3.38,0.986,0.992,592,666,0,0,0,63,64,1,Bachelor+,0,0,1,0,0
STU000205,16,F,Hispanic,11,1.59,1.18,0.913,0.941,380,380,0,0,0,63,63,1,High School,0,0,0,0,1
STU000206,14,F,White,9,2.48,2.48,1.0,0.991,428,506,0,0,1,51,51,0,Bachelor+,0,0,0,0,0
STU000207,16,M,White,11,2.82,2.74,0.896,0.918,386,568,2,4,2,63,67,0,High School,0,1,0,0,0
STU000208,14,M,Hispanic,9,4.0,3.97,0.867,0.951,679,601,0,0,1,57,57,0,Some College,0,0,0,0,0
STU000209,17,F,Other,12,1.94,2.31,0.973,0.961,384,456,0,0,3,75,76,0,Bachelor+,0,0,0,0,0
STU000210,17,F,Black,12,3.71,3.35,0.964,0.951,663,594,0,0,1,71,73,0,High School,0,0,0,1,0
STU000211,14,F,White,9,2.06,2.1,0.989,1.0,402,530,0,0,1,53,53,1,Bachelor+,0,0,1,0,0
STU000212,18,F,Other,12,2.84,2.69,0.941,0.967,507,450,0,0,1,70,70,0,High School,0,0,0,0,0
STU000213,18,F,White,12,1.82,1.68,0.921,0.878,438,481,0,0,1,70,71,1,High School,0,0,0,3,1
STU000214,14,F,White,9,2.58,2.69,0.821,0.909,458,518,0,0,1,57,57,0,Less than HS,0,0,0,2,1
STU000215,17,M,White,12,2.42,2.72,0.946,0.913,475,507,1,2,2,74,77,0,Some College,0,0,0,0,1
STU000216,15,M,White,10,1.93,2.25,1.0,0.984,395,447,0,0,1,61,62,1,Some College,0,0,0,0,1
STU000217,18,F,Hispanic,12,1.38,0.94,0.817,0.813,471,443,1,3,0,70,71,1,High School,0,0,0,0,1
STU000218,16,F,White,11,2.59,2.32,0.894,0.908,513,512,0,0,1,66,67,0,Bachelor+,0,0,0,3,0
STU000219,15,M,Black,10,3.16,2.92,0.942,0.87,569,480,0,0,4,60,60,0,Bachelor+,0,0,0,0,0
STU000220,14,F,Hispanic,9,2.21,2.28,0.982,1.0,464,455,1,1,0,53,56,0,Bachelor+,0,0,0,0,1
STU000221,17,M,Hispanic,12,2.34,1.53,0.939,0.9,482,488,4,12,3,74,79,1,Some College,0,0,0,0,1
STU000222,18,F,White,12,2.36,2.31,1.0,1.0,428,509,3,0,0,72,77,0,Bachelor+,0,0,0,3,1
STU000223,15,M,Asian,10,2.76,2.38,0.931,1.0,530,505,2,2,0,62,64,0,High School,0,0,0,3,1
STU000224,15,M,Asian,10,3.01,3.38,0.957,0.974,540,454,0,0,2,57,57,1,Bachelor+,0,1,0,0,0
STU000225,18,F,White,12,1.86,1.87,0.978,1.0,443,421,1,3,2,73,76,0,High School,0,0,1,0,1
STU000226,17,M,White,12,2.26,2.69,0.875,0.878,456,415,1,2,0,72,73,1,High School,0,0,0,0,0
STU000227,15,M,Hispanic,10,2.75,2.94,1.0,0.968,535,613,1,1,1,57,60,0,Less than HS,0,0,0,0,0
STU000228,17,F,Hispanic,12,3.04,3.07,0.914,0.994,574,518,0,0,2,70,71,0,Bachelor+,0,0,0,1,0
STU000229,14,F,Hispanic,9,3.88,3.82,1.0,1.0,616,549,0,0,0,54,54,1,Some College,0,0,0,0,1
STU000230,16,M,White,11,1.45,1.12,0.956,0.981,385,374,2,6,2,67,71,0,Some College,0,0,0,0,0
STU000231,15,F,Hispanic,10,2.07,2.55,0.992,0.889,511,518,1,3,1,61,64,0,Some College,0,0,0,0,0
STU000232,15,F,Hispanic,10,2.42,2.48,0.861,0.844,487,456,1,0,3,61,64,0,Less than HS,0,0,1,1,0
STU000233,18,M,Hispanic,12,2.02,1.96,0.832,0.877,406,439,2,0,1,71,73,1,Bachelor+,0,0,0,1,1
STU000234,16,M,White,11,3.03,3.26,0.705,0.73,588,557,1,2,4,67,70,0,Some College,1,0,0,3,0
STU000235,15,M,Hispanic,10,3.27,3.07,0.943,0.933,571,580,2,2,4,58,61,1,Some College,0,0,0,2,0
STU000236,18,F,Hispanic,12,2.16,3.0,0.929,0.931,516,482,2,0,3,71,74,1,Bachelor+,0,0,0,0,0
STU000237,18,M,White,12,3.86,4.0,1.0,0.993,677,690,0,0,1,73,74,0,Some College,0,0,0,0,0
STU000238,18,M,White,12,2.5,2.82,1.0,0.96,578,528,1,3,1,70,72,0,High School,0,0,0,0,1
STU000239,18,F,White,12,2.4,2.38,1.0,0.965,421,501,0,0,0,71,72,1,Some College,0,0,0,0,1
STU000240,15,M,White,10,2.75,2.7,0.903,0.965,568,616,1,2,3,61,63,1,Some College,1,0,0,0,0
STU000241,15,M,Asian,10,1.2,0.92,0.842,0.799,322,366,2,4,2,61,63,1,High School,1,0,1,0,1
STU000242,15,M,White,10,2.82,2.5,0.933,0.969,592,544,1,3,0,62,65,1,Some College,0,0,0,0,0
STU000243,16,M,White,11,2.95,3.21,0.956,0.934,539,494,0,0,1,67,67,1,High School,0,0,0,0,0
STU000244,15,F,White,10,1.82,1.85,0.927,0.919,471,403,2,2,2,60,62,0,Bachelor+,0,0,0,0,0
STU000245,14,M,White,9,2.26,2.17,0.926,0.962,481,412,2,0,0,54,58,0,Less than HS,0,0,0,0,0
STU000246,16,M,Hispanic,11,3.1,2.7,0.98,1.0,503,468,3,3,1,66,70,0,Bachelor+,0,0,0,0,0
STU000247,15,M,Hispanic,10,2.43,2.43,0.835,0.768,606,480,2,4,1,63,67,0,Bachelor+,0,0,0,0,0
STU000248,18,F,White,12,2.68,3.21,0.979,0.96,373,537,0,0,3,74,75,0,Some College,0,0,0,0,0
STU000249,18,M,White,12,2.98,3.21,0.853,0.837,540,541,0,0,0,75,76,0,Bachelor+,0,0,1,1,1
STU000250,15,F,Hispanic,10,2.32,2.59,1.0,1.0,525,497,0,0,0,59,60,1,High School,0,0,0,0,1
STU000251,15,M,White,10,2.24,2.49,0.948,1.0,430,489,0,0,1,58,60,1,High School,0,0,0,0,0
STU000252,17,F,White,12,2.47,1.96,0.827,0.828,515,491,0,0,0,72,74,0,Bachelor+,0,0,1,1,1
STU000253,15,M,Black,10,3.23,2.94,0.948,0.949,652,591,0,0,1,57,57,0,Some College,0,0,0,0,0
STU000254,16,M,Hispanic,11,3.41,3.13,0.981,0.975,561,628,0,0,4,68,70,1,Bachelor+,0,0,0,0,0
STU000255,17,F,Asian,12,1.19,1.14,0.808,0.81,362,438,1,0,3,69,72,0,High School,0,0,0,0,0
STU000256,14,M,Black,9,3.2,3.14,0.902,0.839,465,557,0,0,2,53,54,1,Some College,0,0,0,0,0
STU000257,17,F,White,12,1.36,1.58,0.868,0.883,395,327,2,0,0,70,74,0,Some College,0,0,0,0,0
STU000258,15,M,Asian,10,2.92,2.8,0.989,0.997,536,537,0,0,2,60,62,0,Some College,0,0,0,0,1
STU000259,17,F,Hispanic,12,2.14,2.43,0.998,0.97,388,542,0,0,2,71,72,1,Less than HS,0,0,0,0,0
STU000260,17,F,Asian,12,2.81,2.38,1.0,0.988,537,521,0,0,0,75,75,1,Less than HS,0,0,0,0,0
STU000261,14,M,White,9,2.34,2.27,0.996,0.984,399,467,1,0,0,56,59,0,Bachelor+,0,0,0,0,1
STU000262,16,M,Other,11,1.65,1.57,0.981,0.933,457,376,2,6,0,64,67,1,High School,1,0,1,0,0
STU000263,15,F,White,10,2.85,2.9,0.901,0.809,601,578,1,1,4,59,62,0,Bachelor+,0,0,0,0,0
STU000264,14,M,Hispanic,9,1.45,1.52,0.829,0.858,370,344,0,0,1,53,55,1,Some College,0,0,0,3,0
STU000265,18,M,Black,12,2.31,2.09,0.972,0.984,470,486,2,6,2,74,78,1,Bachelor+,0,1,0,1,0
STU000266,18,M,Black,12,3.5,3.58,0.867,0.807,554,675,0,0,1,71,71,0,Some College,0,0,0,0,1
STU000267,14,M,Black,9,2.5,2.8,0.886,0.881,487,562,1,2,0,52,53,1,Some College,0,0,0,0,1
STU000268,17,M,Hispanic,12,2.34,2.02,0.9,0.945,521,415,2,6,3,73,77,1,High School,0,0,0,3,1
STU000269,15,M,White,10,2.95,3.17,0.953,0.979,590,467,2,0,2,60,62,0,Some College,1,1,0,2,1
STU000270,18,M,Hispanic,12,1.6,1.31,0.773,0.791,455,527,2,2,2,72,76,1,Bachelor+,0,0,0,0,1
STU000271,17,F,White,12,1.13,1.0,0.943,0.945,363,361,2,2,3,69,73,1,Some College,1,0,0,3,1
STU000272,14,M,White,9,4.0,3.48,0.988,0.999,652,699,0,0,3,55,57,0,Bachelor+,0,0,0,0,0
STU000273,15,M,Black,10,2.44,2.67,0.878,0.914,501,443,5,15,0,60,67,1,Some College,0,0,0,1,0
STU000274,15,F,Hispanic,10,3.21,3.06,1.0,0.961,591,563,0,0,4,59,61,1,Some College,0,0,0,0,0
STU000275,18,M,White,12,1.68,1.93,0.917,0.984,422,445,0,0,3,70,72,0,High School,0,0,0,0,1
STU000276,18,F,Hispanic,12,1.68,1.47,0.989,0.989,428,488,2,4,3,71,74,1,High School,0,1,0,1,1
STU000277,18,F,Black,12,1.93,1.93,0.934,1.0,338,440,3,0,1,70,73,0,Some College,0,0,0,0,0
STU000278,18,M,Hispanic,12,2.42,2.42,0.893,0.947,481,512,1,0,2,70,73,1,High School,0,0,0,0,1
STU000279,18,F,White,12,1.31,1.54,0.866,0.834,355,394,3,0,1,70,75,1,Some College,0,0,0,0,1
STU000280,15,M,Hispanic,10,2.67,2.55,0.863,0.943,664,457,1,3,0,60,62,1,High School,0,0,0,1,0
STU000281,14,F,Asian,9,2.82,2.76,0.918,0.894,557,578,3,3,1,51,55,1,Some College,0,0,0,0,0
STU000282,15,M,White,10,1.87,1.98,0.874,0.793,481,367,1,3,0,61,62,0,Bachelor+,0,0,0,0,0
STU000283,16,M,Hispanic,11,2.92,2.62,0.915,0.945,607,485,1,0,1,64,66,1,Some College,0,0,0,1,0
STU000284,14,M,White,9,0.29,0.06,0.853,0.804,257,272,0,0,0,56,58,1,High School,0,0,0,1,1
STU000285,14,F,White,9,2.42,2.13,0.926,0.963,482,516,1,0,0,52,53,1,Bachelor+,0,0,0,0,0
STU000286,14,F,Hispanic,9,3.22,3.5,0.934,0.901,585,634,1,0,2,56,57,0,Bachelor+,0,0,0,2,0
STU000287,15,M,Hispanic,10,2.53,1.89,0.848,0.868,516,586,1,3,3,57,59,0,Some College,0,0,0,0,0
STU000288,14,M,White,9,2.91,2.58,1.0,0.997,569,418,4,4,2,56,62,1,High School,0,1,0,0,0
STU000289,17,F,Hispanic,12,1.73,1.74,0.834,0.867,507,473,1,2,0,71,72,1,Bachelor+,1,0,0,0,0
STU000290,16,F,Black,11,0.54,0.0,0.773,0.789,347,402,1,3,1,65,68,1,High School,0,0,0,0,1
STU000291,16,F,Other,11,1.72,1.48,1.0,1.0,414,429,1,1,0,67,68,0,Bachelor+,0,0,0,0,0
STU000292,15,F,White,10,1.7,1.8,0.889,0.886,437,477,3,3,3,62,66,1,Less than HS,0,0,0,0,1
STU000293,17,M,White,12,2.52,2.19,0.897,0.893,508,596,2,0,1,70,74,1,Some College,0,1,0,0,0
STU000294,18,M,Hispanic,12,1.18,1.48,0.919,0.915,388,358,0,0,0,71,73,1,Bachelor+,0,0,0,0,1
STU000295,14,M,White,9,2.82,2.86,0.829,0.784,525,495,1,2,0,56,57,1,High School,1,0,0,0,0
STU000296,14,F,White,9,1.81,1.53,0.846,0.924,520,481,3,6,1,55,60,1,High School,0,0,0,0,0
STU000297,18,M,Hispanic,12,2.1,2.59,0.901,0.87,427,480,4,8,2,72,76,0,Bachelor+,0,0,0,0,1
STU000298,17,F,Asian,12,3.47,2.95,0.922,0.909,629,626,0,0,3,69,71,0,Bachelor+,0,0,0,0,0
STU000299,15,M,Black,10,2.57,2.46,0.933,0.925,480,487,1,3,4,61,63,1,Bachelor+,0,0,0,0,0
STU000300,16,M,White,11,2.67,2.49,0.967,0.919,573,420,1,1,1,68,69,0,Some College,0,0,0,0,0
STU000301,17,F,Other,12,2.61,2.3,1.0,1.0,518,516,2,6,0,69,72,1,Bachelor+,0,0,0,2,0
STU000302,15,F,Hispanic,10,1.31,1.56,1.0,0.972,351,391,4,12,2,57,63,1,High School,1,0,0,0,1
STU000303,14,M,Hispanic,9,2.43,2.18,0.918,0.919,548,444,2,4,1,52,54,1,Bachelor+,0,0,0,0,0
STU000304,15,F,Hispanic,10,1.78,1.49,0.971,0.954,435,437,1,2,3,58,61,0,Some College,0,0,0,0,1
STU000305,16,F,White,11,1.86,1.9,1.0,0.995,536,454,3,0,4,66,69,0,Bachelor+,0,0,0,0,0
STU000306,17,M,Black,12,3.31,3.44,0.875,0.862,623,598,0,0,1,69,71,0,Some College,0,0,0,0,0
STU000307,18,M,White,12,1.3,1.28,0.716,0.791,368,393,1,3,0,69,71,0,High School,0,0,0,3,1
STU000308,17,M,White,12,1.86,2.28,0.927,0.859,435,385,0,0,3,71,73,1,High School,0,0,0,0,0
STU000309,17,M,Hispanic,12,2.21,2.32,0.861,0.787,514,476,0,0,3,74,74,0,High School,0,0,0,0,0
STU000310,16,F,Hispanic,11,4.0,4.0,0.887,0.939,626,699,0,0,2,65,65,0,Some College,0,0,0,1,0
STU000311,18,F,White,12,2.44,2.8,1.0,0.905,385,490,1,0,1,71,73,0,Bachelor+,1,1,0,0,1
STU000312,17,M,White,12,3.0,3.1,1.0,0.938,476,591,1,1,1,75,76,0,Some College,0,0,0,0,0
STU000313,15,F,White,10,0.63,1.19,0.924,0.913,258,242,3,3,3,59,62,1,High School,0,0,0,0,1
STU000314,17,M,Hispanic,12,2.22,2.14,0.999,1.0,403,463,0,0,2,71,71,0,High School,0,0,0,1,0
STU000315,14,F,Hispanic,9,3.04,2.79,0.83,0.835,637,510,1,0,1,51,52,0,Some College,0,0,0,1,0
STU000316,14,M,White,9,2.64,2.77,0.932,0.971,524,489,0,0,1,55,57,1,Some College,0,0,0,0,0
STU000317,14,M,Black,9,2.78,2.83,0.8,0.83,485,563,2,4,2,52,55,1,High School,0,0,0,1,0
STU000318,15,M,Hispanic,10,1.38,1.2,0.951,1.0,370,382,0,0,0,57,57,1,Bachelor+,0,0,0,0,1
STU000319,17,M,White,12,2.85,3.46,0.933,0.996,564,508,1,0,1,72,74,1,High School,0,0,0,0,0
STU000320,18,M,White,12,2.17,2.86,0.748,0.738,489,433,0,0,0,72,72,1,Bachelor+,0,0,0,1,1
STU000321,16,F,Hispanic,11,3.1,2.73,1.0,1.0,498,573,1,0,2,69,71,1,Some College,0,0,0,0,0
STU000322,17,F,Black,12,2.81,2.79,0.963,1.0,488,600,1,0,1,70,71,1,Less than HS,1,1,0,0,0
STU000323,15,F,Hispanic,10,0.86,0.88,0.918,0.944,291,265,2,0,3,59,61,1,Less than HS,0,0,0,0,1
STU000324,18,F,White,12,2.25,2.27,1.0,1.0,442,505,3,3,2,73,76,0,High School,0,0,0,0,1
STU000325,16,M,Hispanic,11,2.03,2.18,1.0,1.0,446,440,1,1,2,68,71,0,Some College,0,0,0,1,0
STU000326,17,F,White,12,2.49,2.7,0.855,0.848,493,466,0,0,2,73,74,0,Some College,0,0,0,0,0
STU000327,15,M,White,10,1.91,1.29,0.846,0.912,460,392,0,0,1,57,57,0,Bachelor+,0,0,0,1,0
STU000328,14,F,Hispanic,9,2.67,2.56,0.875,0.771,576,599,0,0,2,55,57,1,Bachelor+,0,0,0,1,0
STU000329,15,F,White,10,0.91,0.48,0.986,0.95,451,328,2,2,3,57,61,0,Bachelor+,1,0,0,0,0
STU000330,16,F,White,11,2.75,3.22,0.796,0.765,599,590,0,0,1,63,64,0,Some College,0,0,0,0,0
STU000331,14,F,White,9,4.0,3.85,0.972,1.0,711,562,0,0,1,57,57,0,Some College,0,0,0,0,0
STU000332,14,M,White,9,3.46,3.11,0.883,0.861,584,643,0,0,1,51,52,0,Bachelor+,0,0,0,0,0
STU000333,16,M,Black,11,1.01,1.08,0.774,0.845,260,336,4,4,1,68,72,1,High School,0,0,0,0,1
STU000334,14,F,Hispanic,9,2.79,3.15,1.0,1.0,524,515,0,0,1,57,59,0,Some College,0,0,0,0,0
STU000335,15,F,Hispanic,10,2.22,2.52,0.965,1.0,503,379,1,2,1,61,63,0,Less than HS,0,0,0,0,1
STU000336,17,F,Other,12,3.1,3.82,0.962,0.924,563,610,2,2,3,73,77,1,Bachelor+,0,1,0,0,0
STU000337,15,M,White,10,2.54,2.35,0.91,0.898,501,549,2,6,1,58,60,0,Less than HS,0,0,0,1,0
STU000338,17,F,White,12,3.7,3.79,0.887,0.855,575,673,0,0,3,75,75,1,Some College,1,0,0,0,0
STU000339,17,F,White,12,2.74,2.6,0.971,0.979,546,444,1,0,2,75,77,1,Bachelor+,0,0,0,0,0
STU000340,16,F,Hispanic,11,2.23,2.34,1.0,0.968,488,442,0,0,2,68,68,0,Bachelor+,0,1,1,2,0
STU000341,17,F,White,12,2.73,2.5,0.992,0.967,494,484,0,0,2,73,75,1,High School,0,0,0,0,0
STU000342,16,M,Black,11,3.11,3.49,1.0,1.0,579,561,1,3,2,68,71,0,High School,0,0,0,3,0
STU000343,15,M,Hispanic,10,2.37,2.21,1.0,0.998,440,450,1,0,2,63,64,0,Some College,0,0,0,0,0
STU000344,15,F,White,10,2.2,2.74,0.87,0.892,472,501,1,1,1,58,60,1,Some College,1,0,0,0,1
STU000345,16,F,White,11,2.84,2.53,0.829,0.905,450,520,1,2,0,69,72,1,Bachelor+,0,1,0,0,1
STU000346,14,F,Asian,9,3.68,3.53,0.922,0.86,619,652,0,0,1,55,56,0,Bachelor+,0,0,0,0,0
STU000347,16,M,Black,11,1.95,2.02,0.909,0.94,477,458,5,10,1,66,71,1,Less than HS,1,0,0,0,1
STU000348,16,F,White,11,2.91,3.06,0.788,0.749,505,521,1,1,2,66,68,1,Bachelor+,0,0,0,0,1
STU000349,18,M,White,12,2.98,2.92,0.895,0.834,510,533,0,0,0,75,77,0,Some College,0,0,0,0,0
STU000350,18,M,White,12,2.87,2.25,0.937,0.851,518,579,2,2,2,72,76,1,Some College,0,0,0,1,1
STU000351,15,F,Hispanic,10,3.05,2.51,0.907,0.828,530,502,1,1,3,58,61,1,Some College,0,0,0,1,0
STU000352,14,F,Black,9,1.57,1.97,0.99,1.0,441,489,3,9,0,51,55,1,High School,0,0,0,0,1
STU000353,14,M,White,9,2.91,2.37,0.896,0.969,490,552,0,0,4,51,52,1,Bachelor+,0,0,0,0,0
STU000354,16,F,White,11,3.29,3.16,0.926,0.959,599,495,0,0,2,65,67,0,Some College,0,0,0,0,0
STU000355,16,M,Black,11,2.29,2.63,0.817,0.698,436,451,2,2,1,66,69,1,Bachelor+,1,0,0,0,0
STU000356,17,M,White,12,2.6,2.72,0.75,0.685,547,522,2,4,4,69,71,1,Bachelor+,0,0,0,0,0
STU000357,16,F,White,11,2.72,2.48,0.983,1.0,444,461,0,0,0,69,71,0,Bachelor+,0,0,0,0,0
STU000358,18,M,Other,12,1.65,1.73,0.777,0.801,321,429,0,0,0,72,72,1,Bachelor+,0,0,1,0,1
STU000359,18,F,White,12,1.3,1.15,0.766,0.767,384,412,1,0,3,69,71,0,High School,1,1,0,0,1
STU000360,15,M,White,10,2.64,2.82,1.0,1.0,500,452,1,2,2,59,61,1,Some College,0,0,0,0,0
STU000361,18,F,Black,12,1.81,2.11,0.842,0.814,410,430,5,5,2,75,81,1,Some College,1,0,0,0,0
STU000362,17,F,White,12,2.39,2.59,1.0,0.979,530,494,2,6,1,74,78,1,Bachelor+,0,0,0,0,0
STU000363,17,M,White,12,2.37,2.49,0.981,0.996,518,382,0,0,1,75,75,0,High School,0,0,0,0,0
STU000364,15,F,Hispanic,10,3.75,3.68,0.989,1.0,563,616,0,0,3,58,59,1,Bachelor+,0,0,0,3,0
STU000365,18,F,Hispanic,12,0.12,0.48,0.82,0.852,297,335,1,3,4,71,74,1,High School,0,0,0,0,0
STU000366,18,M,White,12,1.53,1.68,1.0,0.994,463,445,2,0,1,72,76,1,Some College,0,0,1,0,0
STU000367,16,M,Asian,11,2.32,2.87,0.856,0.843,460,498,0,0,4,65,67,1,Some College,0,0,0,0,0
STU000368,15,F,White,10,2.77,3.03,0.753,0.784,589,444,3,9,1,62,67,1,Less than HS,0,0,0,0,0
STU000369,14,M,Hispanic,9,3.43,3.08,1.0,0.998,648,622,0,0,3,54,54,0,High School,1,0,0,0,1
STU000370,15,F,Black,10,2.45,2.93,0.96,0.932,457,530,2,4,0,63,65,1,Less than HS,0,0,0,0,0
STU000371,16,M,White,11,1.68,2.03,0.736,0.655,485,384,0,0,1,67,67,1,Bachelor+,0,0,0,0,1
STU000372,15,M,White,10,0.31,0.34,0.838,0.763,226,292,3,3,1,60,64,1,Less than HS,0,0,0,0,1
STU000373,17,F,White,12,1.99,1.51,0.996,1.0,382,395,1,3,2,74,76,1,Some College,0,0,0,0,1
STU000374,14,F,Hispanic,9,3.5,3.44,0.973,1.0,561,701,0,0,1,57,57,1,Bachelor+,0,0,0,0,0
STU000375,14,M,Black,9,3.33,3.75,0.94,0.96,513,634,1,1,0,52,55,0,High School,0,0,0,2,1
STU000376,14,F,Asian,9,2.01,2.22,1.0,0.988,436,425,3,0,1,56,59,0,High School,0,0,0,1,0
STU000377,18,F,Hispanic,12,1.18,1.2,0.886,0.941,325,445,3,0,2,69,73,1,Some College,1,0,0,0,1
STU000378,15,M,Hispanic,10,1.71,1.14,0.843,0.882,459,402,3,9,1,63,67,1,Less than HS,1,0,0,0,1
STU000379,17,F,Black,12,3.2,3.36,0.929,0.879,505,671,1,0,1,72,74,0,Some College,0,1,0,0,0
STU000380,17,F,White,12,2.96,3.26,0.894,0.793,530,427,0,0,4,73,73,1,High School,1,0,0,0,1
STU000381,15,M,Hispanic,10,4.0,4.0,1.0,0.953,716,554,0,0,1,60,62,1,Some College,0,0,0,1,0
STU000382,18,F,White,12,1.48,1.45,0.935,0.916,483,438,2,0,4,70,72,0,High School,0,0,0,0,0
STU000383,16,F,Hispanic,11,1.89,1.15,0.944,0.923,465,447,1,0,3,65,66,0,High School,0,1,0,0,1
STU000384,15,F,Hispanic,10,2.67,2.32,0.908,1.0,478,580,0,0,3,60,62,1,Bachelor+,0,0,0,0,0
STU000385,14,F,Black,9,1.83,1.78,0.894,0.945,421,468,2,6,3,55,59,0,Bachelor+,0,0,0,0,0
STU000386,18,F,White,12,3.97,4.0,0.861,0.935,654,643,0,0,3,72,73,0,Some College,1,0,1,0,1
STU000387,17,M,Black,12,2.23,2.37,0.874,0.822,500,536,1,0,3,73,74,1,Some College,0,0,0,2,0
STU000388,17,F,White,12,3.51,2.94,0.832,0.759,669,686,0,0,3,73,75,1,High School,0,0,0,0,0
STU000389,16,F,Hispanic,11,3.38,3.76,0.844,0.716,583,591,0,0,1,69,71,0,High School,1,0,0,0,0
STU000390,18,F,White,12,1.96,1.91,0.761,0.796,484,411,2,0,1,74,78,1,Bachelor+,0,0,0,1,1
STU000391,16,F,Black,11,1.29,1.3,0.873,0.866,328,321,1,0,1,67,69,1,High School,0,0,0,0,1
STU000392,16,M,Hispanic,11,1.81,1.48,1.0,1.0,381,405,4,4,1,67,73,1,High School,1,0,0,1,1
STU000393,17,M,Black,12,3.17,3.03,1.0,1.0,587,488,0,0,1,73,75,0,Some College,1,0,0,0,0
STU000394,14,M,White,9,3.89,3.62,0.904,0.91,616,576,0,0,2,51,52,1,Bachelor+,0,0,0,1,0
STU000395,15,F,Hispanic,10,1.09,0.8,0.891,0.887,404,347,2,2,1,60,62,1,Some College,1,0,0,0,1
STU000396,14,F,Hispanic,9,3.47,3.63,0.999,1.0,607,581,1,2,1,54,57,1,Bachelor+,0,0,0,0,0
STU000397,15,M,Hispanic,10,3.54,2.87,1.0,0.961,518,633,2,2,1,61,64,0,Bachelor+,0,0,0,0,1
STU000398,16,M,Black,11,3.11,2.88,0.912,0.909,491,567,1,0,0,64,67,1,High School,0,0,0,0,0
STU000399,18,F,Black,12,1.77,1.41,0.935,0.894,418,505,2,6,0,74,77,0,Some College,0,1,0,0,1
STU000400,17,M,Black,12,2.78,2.59,0.969,1.0,544,510,0,0,2,71,71,1,Bachelor+,0,0,0,0,0
STU000401,18,M,Hispanic,12,1.68,1.49,0.86,0.912,402,403,4,8,1,73,79,1,Some College,0,0,0,0,0
STU000402,15,F,Black,10,1.99,1.95,0.945,0.877,416,459,1,1,2,57,58,0,Some College,0,0,1,1,0
STU000403,17,M,White,12,3.45,3.37,0.905,0.883,559,593,1,3,1,72,75,1,Bachelor+,0,0,0,0,1
STU000404,15,M,White,10,0.29,0.18,0.927,0.987,353,291,5,5,2,58,63,1,Less than HS,0,0,0,0,1
STU000405,15,M,White,10,1.67,1.33,0.863,0.937,441,325,2,6,2,62,64,1,Bachelor+,0,0,0,0,0
STU000406,17,M,Hispanic,12,2.41,2.82,0.942,0.956,448,525,1,3,3,73,76,1,High School,0,0,0,0,1
STU000407,18,F,Other,12,0.87,0.55,0.924,0.979,366,376,1,1,2,71,72,1,High School,1,0,0,2,1
STU000408,15,F,Asian,10,4.0,3.93,1.0,1.0,603,656,0,0,0,57,58,1,Bachelor+,1,0,0,0,0
STU000409,15,M,White,10,2.68,2.23,0.796,0.799,498,469,3,3,2,58,63,1,Less than HS,0,0,0,0,1
STU000410,17,M,White,12,2.89,2.95,0.889,0.857,472,549,1,3,0,70,71,1,Bachelor+,0,0,0,1,1
STU000411,18,F,Hispanic,12,2.01,2.45,1.0,0.943,442,487,1,2,1,75,77,1,Bachelor+,0,0,0,0,0
STU000412,17,M,White,12,3.13,3.3,0.887,0.825,600,567,0,0,2,70,72,0,Less than HS,0,0,0,1,0
STU000413,16,M,Hispanic,11,1.84,1.63,0.86,0.835,428,452,1,0,0,63,64,0,High School,0,0,0,0,0
STU000414,18,F,Asian,12,2.5,2.6,1.0,1.0,534,545,3,3,0,71,75,0,Bachelor+,0,0,0,0,0
STU000415,18,M,Hispanic,12,3.53,3.47,1.0,0.985,661,647,0,0,4,74,74,1,Some College,0,0,0,1,0
STU000416,17,F,Other,12,3.25,3.83,0.972,1.0,572,631,0,0,0,69,69,1,Some College,0,0,0,3,0
STU000417,18,F,White,12,1.72,1.98,0.691,0.665,416,465,4,8,2,70,76,0,Bachelor+,0,0,0,0,1
STU000418,17,M,Hispanic,12,2.81,2.51,0.99,1.0,492,391,1,3,1,70,71,1,Bachelor+,1,0,0,2,1
STU000419,15,M,White,10,2.86,3.17,1.0,1.0,588,494,4,4,1,61,67,0,Some College,0,0,0,0,1
STU000420,17,F,White,12,3.78,3.44,0.985,1.0,557,586,0,0,2,73,75,0,High School,0,0,0,0,0
STU000421,17,M,Black,12,1.45,1.59,1.0,0.94,391,407,2,4,4,74,78,1,Bachelor+,0,0,0,0,0
STU000422,15,M,White,10,1.42,1.8,0.864,0.898,447,444,2,4,3,57,60,1,Bachelor+,0,0,0,1,0
STU000423,16,F,Asian,11,2.96,2.47,0.933,0.87,547,575,0,0,0,63,65,0,Some College,0,0,0,1,0
STU000424,18,F,White,12,2.17,2.22,0.851,0.928,469,458,4,12,1,73,78,1,Less than HS,0,0,0,0,1
STU000425,16,M,Black,11,3.44,3.41,0.893,0.897,561,552,1,0,2,69,72,0,Some College,0,0,0,1,0
STU000426,17,F,White,12,2.17,2.19,0.835,0.749,478,373,2,2,2,74,78,0,Some College,1,1,0,0,1
STU000427,16,M,White,11,1.94,1.89,0.899,0.939,437,390,3,6,1,64,67,1,High School,0,0,0,0,0
STU000428,16,F,Hispanic,11,1.82,1.66,0.762,0.879,348,449,1,0,2,66,67,1,Bachelor+,0,0,0,0,0
STU000429,14,M,White,9,0.57,1.15,0.879,0.869,363,299,3,0,1,57,62,0,Bachelor+,0,0,0,0,1
STU000430,18,M,Hispanic,12,1.39,1.46,0.902,0.905,335,330,1,2,2,75,76,1,Bachelor+,0,0,0,0,1
STU000431,18,F,Asian,12,2.73,2.21,0.891,0.843,551,526,0,0,2,71,72,1,High School,0,0,0,0,1
STU000432,16,M,Black,11,0.72,0.52,0.941,0.898,317,304,1,3,3,68,71,0,High School,1,0,0,0,0
STU000433,17,F,Asian,12,1.48,1.6,0.895,0.851,438,463,2,4,1,70,72,0,Some College,0,0,0,0,1
STU000434,18,F,White,12,0.98,1.06,0.83,0.821,387,389,2,0,2,70,74,1,High School,0,0,0,0,0
STU000435,14,M,Other,9,2.78,2.67,0.889,0.93,567,603,1,0,0,57,58,0,Bachelor+,0,0,0,0,0
STU000436,14,M,White,9,1.37,1.66,0.911,0.872,414,407,3,3,1,51,56,0,Some College,0,0,0,0,1
STU000437,17,F,Hispanic,12,1.68,1.75,0.801,0.803,356,407,2,6,4,75,79,1,Some College,0,0,0,1,0
STU000438,14,F,Hispanic,9,1.23,1.0,0.924,0.899,442,378,4,12,1,51,56,0,Less than HS,0,0,0,0,0
STU000439,16,M,White,11,2.46,2.22,0.973,0.94,540,487,1,1,1,64,66,1,High School,0,0,0,0,0
STU000440,17,F,White,12,1.57,1.64,0.83,0.829,251,414,5,10,1,69,75,0,Less than HS,0,0,0,1,0
STU000441,15,F,Asian,10,4.0,3.69,0.947,0.964,597,539,0,0,1,58,59,0,High School,0,0,0,0,0
STU000442,17,M,White,12,2.71,2.41,0.925,0.98,477,532,3,6,0,72,75,1,Bachelor+,0,0,0,0,0
STU000443,14,M,Black,9,3.17,2.98,0.906,0.937,576,605,0,0,1,51,51,0,Less than HS,0,0,0,1,0
STU000444,16,F,Black,11,1.07,0.91,0.837,0.792,264,320,0,0,1,66,67,1,Some College,0,0,0,0,0
STU000445,16,F,Black,11,3.19,3.15,0.941,0.917,556,568,1,3,2,64,66,0,Some College,0,0,0,0,0
STU000446,17,F,Other,12,3.73,3.28,1.0,0.972,596,604,1,2,2,71,72,0,Bachelor+,0,1,0,1,0
STU000447,15,F,Black,10,3.19,3.29,0.993,0.984,564,606,0,0,1,60,60,0,Some College,0,1,0,0,0
STU000448,15,F,Asian,10,2.36,2.43,1.0,1.0,539,423,5,5,3,57,63,0,Bachelor+,0,0,0,0,0
STU000449,15,M,Black,10,2.4,2.18,0.826,0.841,529,482,1,3,0,60,63,1,Bachelor+,0,0,0,0,1
STU000450,14,M,Other,9,3.52,3.46,0.89,0.86,612,587,2,6,1,52,55,0,High School,0,0,0,1,0
STU000451,15,F,White,10,2.33,2.54,0.93,0.979,404,502,1,3,1,57,60,1,High School,1,0,1,1,0
STU000452,16,M,White,11,2.45,2.74,0.941,0.899,475,516,1,1,2,64,65,0,Some College,0,0,0,0,0
STU000453,18,M,White,12,1.09,1.01,1.0,0.977,336,470,1,1,1,75,78,0,Some College,0,0,0,0,1
STU000454,14,M,Black,9,2.7,2.99,1.0,1.0,488,580,1,0,0,52,54,1,Bachelor+,0,0,0,0,0
STU000455,15,F,Black,10,1.44,1.59,0.828,0.783,351,407,1,3,1,58,60,0,High School,0,0,0,1,0
STU000456,18,M,White,12,1.64,1.99,0.768,0.827,417,444,4,4,1,73,78,1,Some College,0,0,0,3,1
STU000457,16,M,Hispanic,11,2.82,2.53,0.93,0.979,552,531,0,0,0,64,64,1,High School,0,0,0,0,0
STU000458,15,F,Other,10,2.55,2.42,0.983,1.0,494,464,1,3,2,60,61,1,High School,0,0,0,0,0
STU000459,16,M,White,11,1.01,0.63,0.918,1.0,300,343,2,4,0,64,67,1,Bachelor+,0,0,0,0,0
STU000460,17,F,White,12,2.31,2.77,0.858,0.916,398,579,1,1,0,70,71,1,Some College,0,1,0,0,1
STU000461,15,M,Hispanic,10,1.62,2.11,0.997,0.981,395,357,4,4,1,63,68,0,Bachelor+,1,0,0,0,1
STU000462,15,F,White,10,1.93,1.65,0.932,0.958,374,391,1,2,1,57,58,1,Bachelor+,0,0,0,0,0
STU000463,18,F,Hispanic,12,2.01,2.24,0.927,0.984,474,473,1,0,3,69,72,0,Some College,0,0,0,0,1
STU000464,15,F,White,10,2.69,2.61,1.0,0.978,532,488,1,2,1,60,62,0,Some College,0,0,0,0,0
STU000465,15,M,Other,10,2.37,2.54,0.834,0.818,470,548,2,4,1,58,60,1,Bachelor+,0,0,0,1,0
STU000466,14,M,White,9,3.03,2.32,0.927,0.934,554,534,1,2,4,57,59,0,High School,0,0,0,0,0
STU000467,14,F,White,9,3.25,3.39,0.999,0.907,613,589,0,0,1,53,55,1,Bachelor+,0,0,0,0,0
STU000468,18,M,White,12,2.1,1.82,0.953,0.847,445,467,4,0,2,71,77,0,High School,0,0,1,0,0
STU000469,17,M,Hispanic,12,3.45,3.35,0.835,0.841,660,655,0,0,3,73,73,0,Bachelor+,0,0,0,2,1
STU000470,14,M,White,9,2.24,1.65,0.949,1.0,478,513,3,6,0,54,57,0,Some College,0,0,0,0,1
STU000471,14,F,Asian,9,2.52,1.94,0.999,0.995,537,508,4,4,2,51,55,1,Bachelor+,0,0,0,0,0
STU000472,18,F,White,12,2.04,1.66,0.863,0.945,464,463,1,0,2,74,75,0,Some College,0,0,0,0,0
STU000473,16,F,Black,11,2.63,2.43,0.913,0.921,451,543,1,1,1,68,69,1,Some College,1,0,0,0,0
STU000474,14,M,White,9,3.19,3.32,0.84,0.799,573,621,2,4,0,55,59,1,High School,0,0,0,1,0
STU000475,17,M,White,12,4.0,4.0,0.893,0.826,643,580,0,0,1,70,71,0,Some College,0,0,0,0,0
STU000476,18,F,Black,12,2.3,2.0,0.872,0.891,486,512,1,0,0,70,72,0,Bachelor+,1,0,0,1,1
STU000477,18,F,White,12,2.53,2.96,1.0,0.985,506,501,0,0,0,73,73,1,High School,0,0,0,0,1
STU000478,17,F,Hispanic,12,3.58,3.26,0.907,0.898,527,623,0,0,4,70,71,0,Bachelor+,1,0,0,0,0
STU000479,15,F,Hispanic,10,2.31,2.79,0.924,0.866,486,546,1,2,2,63,64,0,Some College,0,0,0,0,0
STU000480,18,M,Hispanic,12,1.44,1.49,0.906,0.986,420,452,0,0,3,71,73,1,Some College,1,0,0,1,1
STU000481,15,F,Black,10,1.12,1.23,0.862,0.823,374,375,4,4,1,58,64,0,Some College,0,0,0,1,0
STU000482,18,M,White,12,0.0,0.0,0.963,0.996,241,200,3,9,1,70,75,1,High School,0,0,0,1,1
STU000483,17,M,Other,12,2.78,2.86,1.0,1.0,423,460,1,1,1,72,73,1,High School,0,0,0,2,0
STU000484,18,M,White,12,2.13,2.03,0.756,0.751,446,511,0,0,0,69,71,1,Less than HS,0,0,1,0,0
STU000485,17,M,Hispanic,12,3.23,2.87,1.0,0.986,617,489,0,0,1,69,70,0,Bachelor+,0,1,0,1,0
STU000486,15,M,Black,10,1.73,1.36,0.916,0.853,509,456,3,0,3,61,66,0,Less than HS,0,0,0,0,1
STU000487,15,M,White,10,2.1,1.81,0.993,0.997,424,484,3,3,0,63,68,0,Some College,0,0,0,0,1
STU000488,18,F,Black,12,2.43,2.81,0.892,0.865,440,541,1,0,3,70,73,1,High School,0,0,0,0,1
STU000489,17,M,White,12,2.24,2.72,0.786,0.808,493,470,1,1,1,75,78,0,High School,1,0,0,1,0
STU000490,16,M,Hispanic,11,2.69,2.26,0.87,0.823,520,386,2,0,4,64,68,1,Less than HS,0,0,0,1,0
STU000491,18,F,Hispanic,12,0.38,0.15,0.713,0.649,342,333,2,6,2,75,78,0,High School,0,1,0,0,1
STU000492,18,F,White,12,2.52,3.24,0.931,1.0,455,479,3,3,0,71,74,0,Bachelor+,1,0,0,0,1
STU000493,18,F,White,12,3.67,3.78,0.867,0.734,598,580,0,0,1,73,73,0,High School,0,0,0,1,0
STU000494,16,F,Hispanic,11,1.82,1.87,0.875,0.827,465,442,2,2,1,67,71,1,Some College,0,1,0,0,1
STU000495,17,F,White,12,2.4,2.7,0.824,0.879,463,548,0,0,3,72,73,1,Bachelor+,0,0,1,0,0
STU000496,17,M,Black,12,2.44,2.3,0.852,0.832,529,510,2,6,0,72,75,1,Less than HS,0,1,0,0,1
STU000497,17,F,White,12,2.56,2.46,0.904,0.907,479,532,0,0,2,70,71,1,Less than HS,0,0,0,0,0
STU000498,14,F,White,9,3.73,3.97,0.854,0.783,648,495,2,6,2,53,56,0,Some College,0,0,0,1,0
STU000499,16,M,Black,11,1.08,0.77,0.975,0.971,379,469,2,0,1,68,72,0,Less than HS,0,0,1,0,0
STU000500,14,M,White,9,2.55,2.16,0.962,0.985,465,600,3,0,0,56,59,1,High School,0,0,0,2,0
STU000501,17,F,Hispanic,12,2.93,3.25,0.791,0.731,516,556,1,3,0,75,76,0,Bachelor+,0,0,0,1,0
STU000502,17,M,Black,12,2.01,1.88,0.844,0.89,538,474,1,3,0,73,75,0,High School,0,1,0,0,0
STU000503,18,M,White,12,1.72,1.3,0.883,0.931,390,511,0,0,1,69,69,1,High School,0,0,0,0,1
STU000504,18,M,Black,12,2.88,3.12,1.0,0.963,517,531,3,9,2,75,80,0,Bachelor+,0,0,0,0,0
STU000505,18,M,Hispanic,12,0.39,0.09,0.81,0.811,247,366,4,4,1,71,76,1,Less than HS,1,0,0,0,1
STU000506,16,F,Hispanic,11,1.43,1.32,0.863,0.851,479,378,0,0,4,65,65,0,Bachelor+,0,0,0,0,0
STU000507,16,F,Hispanic,11,2.26,2.53,0.848,0.897,558,586,1,1,0,65,66,0,High School,0,0,0,0,0
STU000508,15,M,Hispanic,10,2.03,2.14,0.885,0.914,489,528,2,0,0,57,61,1,Some College,0,0,0,0,1
STU000509,15,M,Other,10,2.78,2.54,0.864,0.875,573,523,3,3,2,57,62,0,Bachelor+,0,0,0,0,0
STU000510,15,F,White,10,0.68,0.94,0.97,1.0,327,278,3,0,0,57,60,1,High School,0,0,0,0,0
STU000511,14,M,Hispanic,9,3.24,3.67,1.0,0.989,543,485,0,0,2,52,53,0,Some College,0,0,0,0,0
STU000512,15,M,White,10,1.63,1.61,1.0,1.0,422,396,3,6,0,62,65,1,Some College,0,0,0,2,0
STU000513,18,M,White,12,0.08,0.69,0.867,0.821,378,222,2,0,1,75,77,1,Less than HS,0,0,0,0,1
STU000514,14,M,White,9,2.51,2.25,1.0,1.0,580,510,0,0,0,56,56,1,High School,0,0,0,0,1
STU000515,14,F,Hispanic,9,4.0,3.92,1.0,0.954,625,652,0,0,1,52,54,1,Some College,0,0,0,2,1
STU000516,16,F,Hispanic,11,2.78,2.21,0.989,0.913,569,598,1,3,2,63,65,0,Bachelor+,0,0,1,3,0
STU000517,14,M,Asian,9,1.24,1.46,0.913,0.969,372,362,2,2,2,56,59,1,Some College,1,0,0,0,1
STU000518,15,M,White,10,2.01,2.31,0.968,0.947,474,386,4,8,1,58,64,0,Bachelor+,0,0,0,2,0
STU000519,16,M,Hispanic,11,1.37,1.56,0.778,0.777,395,423,1,1,1,66,69,1,Less than HS,0,0,0,0,0
STU000520,16,M,Hispanic,11,1.99,2.01,1.0,1.0,434,486,2,6,1,66,68,0,High School,0,0,0,0,0
STU000521,15,F,White,10,1.35,1.17,0.909,0.827,469,304,1,2,1,59,62,1,Bachelor+,0,0,0,0,0
STU000522,15,M,White,10,2.9,2.87,0.85,0.816,586,565,1,1,3,63,65,1,Bachelor+,0,1,0,0,0
STU000523,15,M,White,10,1.82,1.66,1.0,1.0,446,430,2,6,2,59,62,0,High School,0,0,0,1,0
STU000524,16,F,Hispanic,11,2.59,2.57,0.998,0.964,450,564,1,3,1,65,68,0,High School,0,0,0,1,0
STU000525,17,M,White,12,2.84,2.91,0.893,0.811,478,617,2,6,2,70,73,1,High School,0,0,0,0,0
STU000526,16,M,White,11,2.76,2.42,0.831,0.794,470,619,0,0,2,69,70,1,Bachelor+,0,0,1,0,0
STU000527,18,M,Black,12,2.31,1.81,1.0,0.944,550,443,1,0,2,72,75,0,High School,0,0,0,0,0
STU000528,16,F,Black,11,2.86,2.35,0.872,0.924,568,595,1,0,1,68,70,1,Bachelor+,0,0,0,0,0
STU000529,18,M,White,12,3.25,2.78,1.0,0.99,595,568,0,0,2,70,70,0,High School,0,1,0,1,0
STU000530,16,F,White,11,1.12,0.93,0.93,0.88,385,355,1,3,1,63,65,0,High School,0,0,0,0,0
STU000531,16,F,Black,11,2.63,3.08,0.907,0.936,576,480,3,6,2,64,68,1,Less than HS,0,0,0,0,1
STU000532,17,M,White,12,2.13,1.67,0.986,0.982,544,519,2,0,3,73,76,0,High School,0,0,0,0,0
STU000533,15,M,Hispanic,10,3.16,3.17,0.847,0.853,542,607,1,1,1,59,61,1,High School,0,0,0,1,0
STU000534,17,F,White,12,4.0,3.73,1.0,1.0,617,640,0,0,2,75,76,0,High School,0,0,0,0,0
STU000535,17,F,White,12,2.58,2.37,0.955,0.979,570,452,1,1,4,70,73,1,Less than HS,0,0,0,2,0
STU000536,18,F,Black,12,0.06,0.47,0.846,0.876,278,295,6,18,2,73,79,1,High School,0,0,0,0,1
STU000537,15,F,White,10,2.0,1.89,0.972,1.0,523,428,0,0,0,60,60,1,Some College,0,0,0,0,0
STU000538,18,M,White,12,2.15,1.99,1.0,1.0,429,568,1,0,2,70,72,0,Bachelor+,1,0,1,0,1
STU000539,15,F,White,10,2.6,2.75,0.904,0.861,443,438,0,0,3,60,61,0,High School,0,1,0,0,0
STU000540,17,M,White,12,1.71,1.89,0.917,0.97,431,505,1,2,0,74,75,1,High School,0,1,0,0,1
STU000541,16,M,Black,11,2.5,3.02,0.907,1.0,553,512,2,0,1,64,68,0,Some College,0,1,1,0,0
STU000542,15,M,Hispanic,10,1.51,1.19,0.879,0.85,299,484,3,0,3,63,67,1,Bachelor+,1,0,0,1,1
STU000543,14,F,White,9,0.59,0.6,0.824,0.883,316,379,3,9,1,54,59,1,Bachelor+,0,0,0,0,0
STU000544,17,F,White,12,3.16,3.26,0.857,0.909,521,501,1,0,0,72,74,1,Some College,0,0,0,0,0
STU000545,15,F,Other,10,2.73,2.75,0.959,0.986,471,546,2,0,2,60,62,1,Some College,0,1,0,0,0
STU000546,14,M,Asian,9,1.82,1.57,1.0,1.0,431,451,4,4,2,53,59,0,High School,1,0,0,1,1
STU000547,16,M,White,11,2.88,2.75,0.838,0.786,571,448,1,2,1,63,65,1,High School,0,0,0,0,0
STU000548,14,M,Hispanic,9,1.32,1.46,0.913,0.837,335,411,3,6,1,57,62,1,Some College,1,0,0,0,1
STU000549,14,M,Hispanic,9,2.39,2.41,0.908,0.858,503,524,4,12,0,52,57,0,Some College,0,0,0,0,1
STU000550,14,F,Hispanic,9,3.06,2.66,0.907,0.985,547,527,0,0,0,51,51,0,High School,1,0,0,2,0
STU000551,18,M,White,12,2.13,1.88,0.956,1.0,472,489,2,6,0,70,74,0,Less than HS,0,0,0,0,1
STU000552,18,F,Hispanic,12,0.0,0.0,0.864,0.858,291,430,2,6,1,72,74,1,High School,0,0,0,0,1
STU000553,17,F,White,12,2.66,2.81,1.0,0.986,617,569,2,2,2,71,75,1,High School,0,0,0,0,1
STU000554,18,M,White,12,0.05,0.92,0.801,0.825,200,200,2,4,1,71,75,0,Less than HS,0,0,1,1,1
STU000555,16,F,Hispanic,11,1.18,0.61,0.965,1.0,391,319,4,12,1,64,69,0,Bachelor+,0,0,0,0,0
STU000556,18,F,White,12,1.59,1.21,0.768,0.719,370,307,1,1,1,72,75,0,Bachelor+,1,0,0,0,1
STU000557,17,M,White,12,3.23,3.31,0.97,0.917,505,567,2,4,2,71,74,0,Some College,0,0,0,2,1
STU000558,17,M,White,12,2.69,2.43,0.876,0.941,468,522,1,1,2,69,72,0,Some College,1,0,0,0,0
STU000559,18,M,Black,12,2.98,2.71,0.924,0.966,527,536,0,0,3,69,70,0,High School,0,0,0,0,0
STU000560,14,M,Black,9,0.84,1.02,0.812,0.792,306,334,5,15,1,56,62,1,Bachelor+,0,0,0,0,1
STU000561,15,F,White,10,0.86,0.98,0.791,0.766,356,364,3,3,3,58,63,1,High School,0,0,0,1,0
STU000562,15,M,Black,10,3.39,3.84,1.0,1.0,549,659,0,0,3,60,62,0,Some College,0,0,0,0,0
STU000563,17,M,White,12,2.74,2.6,0.874,0.805,520,553,3,3,0,74,77,0,Some College,0,0,0,2,1
STU000564,18,M,White,12,2.59,2.86,0.95,0.961,469,549,2,2,2,72,76,0,Bachelor+,0,0,0,0,0
STU000565,17,F,White,12,1.63,1.55,0.882,0.895,341,411,3,3,1,73,76,0,Some College,0,0,0,0,0
STU000566,15,F,White,10,2.07,2.13,0.787,0.809,452,494,3,0,3,58,61,1,Some College,0,0,0,0,1
STU000567,18,M,Hispanic,12,1.61,1.62,0.868,0.928,385,356,3,9,0,74,78,1,Bachelor+,0,0,0,0,0
STU000568,18,M,White,12,2.25,2.18,1.0,1.0,403,436,0,0,3,70,72,0,High School,1,1,0,0,0
STU000569,16,F,Hispanic,11,4.0,4.0,0.973,1.0,629,728,0,0,1,69,71,0,Less than HS,0,0,0,0,0
STU000570,17,F,Hispanic,12,2.0,1.77,0.885,0.847,411,507,0,0,3,71,73,0,Some College,1,0,0,0,0
STU000571,16,F,White,11,2.6,2.28,0.95,0.927,558,464,1,2,1,67,68,1,High School,0,0,0,0,1
STU000572,16,M,Black,11,2.46,2.37,0.94,1.0,484,552,1,2,2,66,67,1,Some College,1,0,0,0,0
STU000573,16,F,Black,11,2.64,3.16,0.99,1.0,433,630,1,2,0,65,68,0,High School,0,0,0,0,0
STU000574,14,F,White,9,1.0,1.34,0.958,0.956,343,411,5,10,1,55,62,1,Bachelor+,0,0,0,0,1
STU000575,15,F,Black,10,2.92,2.9,0.944,0.965,626,485,1,0,1,62,65,0,Bachelor+,0,0,0,0,0
STU000576,16,M,Black,11,1.92,1.44,0.884,0.903,309,463,1,1,0,63,64,1,Bachelor+,0,0,0,0,1
STU000577,15,M,White,10,1.74,1.49,0.996,0.995,415,406,3,3,1,62,65,1,Bachelor+,0,0,1,1,0
STU000578,14,F,White,9,1.87,1.66,0.805,0.765,465,476,4,8,0,53,59,1,Some College,0,0,0,0,1
STU000579,14,M,Hispanic,9,3.98,4.0,0.986,0.898,671,639,0,0,3,55,57,0,Bachelor+,0,0,0,2,0
STU000580,15,M,Hispanic,10,3.28,3.41,0.828,0.788,575,485,0,0,4,62,64,0,Some College,0,0,0,3,0
STU000581,14,F,Other,9,2.01,2.19,0.977,0.853,477,420,2,6,0,53,56,1,High School,0,1,1,0,1
STU000582,18,M,Hispanic,12,1.24,0.35,1.0,0.937,392,496,1,2,1,74,77,1,Less than HS,1,0,0,0,1
STU000583,17,M,Asian,12,3.7,3.56,0.991,1.0,639,606,0,0,1,73,75,0,Less than HS,0,0,0,1,0
STU000584,16,F,Black,11,2.37,2.01,1.0,1.0,525,522,3,6,1,69,73,1,High School,0,0,0,2,0
STU000585,15,M,Hispanic,10,2.84,3.08,0.978,0.972,522,493,1,1,0,62,63,1,High School,0,0,0,0,0
STU000586,17,F,Hispanic,12,1.94,1.51,0.8,0.805,331,452,4,8,3,71,75,0,Bachelor+,0,1,0,0,0
STU000587,15,F,Hispanic,10,2.06,2.41,0.932,0.869,517,519,1,0,0,59,60,0,Some College,0,0,0,0,0
STU000588,15,M,Asian,10,2.43,2.53,0.963,0.946,499,505,1,2,0,62,65,0,High School,1,0,0,0,1
STU000589,18,M,Black,12,0.54,0.08,0.821,0.788,253,412,2,0,0,73,76,1,High School,0,0,0,0,1
STU000590,18,M,White,12,2.56,2.71,0.899,0.915,572,504,2,2,3,71,75,0,Some College,0,0,0,2,1
STU000591,18,F,White,12,0.75,0.59,0.929,0.93,231,362,2,6,2,73,75,0,High School,1,0,0,2,1
STU000592,17,M,Other,12,1.9,1.53,0.812,0.832,423,460,2,2,0,71,75,1,Some College,0,1,0,0,1
STU000593,18,M,White,12,1.02,1.01,0.765,0.745,341,449,2,2,2,74,77,0,High School,0,0,0,0,1
STU000594,15,M,Hispanic,10,2.66,2.55,0.973,0.982,494,500,1,0,3,59,61,0,Some College,0,0,0,0,0
STU000595,18,M,Hispanic,12,1.55,1.57,1.0,0.999,409,425,2,6,1,75,77,0,Bachelor+,1,0,1,0,1
STU000596,17,M,Hispanic,12,1.81,1.48,0.955,0.959,456,495,3,6,4,72,76,1,Bachelor+,0,0,0,0,0
STU000597,18,F,Black,12,1.59,1.55,0.926,0.908,379,424,4,0,1,72,78,1,Some College,0,0,0,0,1
STU000598,17,M,Black,12,2.57,2.37,0.974,0.869,500,462,3,6,0,75,80,0,Bachelor+,0,0,0,0,0
STU000599,14,F,Hispanic,9,3.38,3.97,1.0,1.0,639,551,1,0,4,54,57,0,High School,0,0,0,1,1
STU000600,16,M,Hispanic,11,3.24,3.36,0.964,0.974,616,586,2,2,2,69,73,0,High School,0,0,0,1,1
STU000601,18,M,Hispanic,12,0.01,0.16,0.787,0.775,200,268,4,12,2,69,74,1,Some College,1,0,0,0,1
STU000602,16,M,White,11,1.97,2.09,1.0,1.0,481,451,0,0,4,65,67,0,Bachelor+,0,0,0,1,0
STU000603,15,F,Hispanic,10,1.46,1.19,0.98,0.912,311,456,3,9,1,59,62,1,Some College,0,0,0,1,0
STU000604,16,M,White,11,3.7,4.0,1.0,1.0,647,540,0,0,0,68,70,0,Some College,0,0,0,0,0
STU000605,16,F,Hispanic,11,2.94,2.81,0.79,0.835,499,610,1,3,2,67,69,1,High School,0,0,0,0,0
STU000606,18,F,Hispanic,12,1.35,1.65,0.994,1.0,357,381,6,6,3,71,78,1,High School,0,0,0,0,1
STU000607,17,F,White,12,2.33,2.5,0.875,0.893,428,504,0,0,2,73,73,0,Less than HS,0,0,0,0,0
STU000608,18,F,White,12,2.53,2.37,0.917,0.896,533,512,1,1,1,72,74,0,Some College,0,0,0,2,0
STU000609,17,M,Hispanic,12,3.02,3.0,1.0,0.94,417,634,0,0,1,73,74,1,High School,0,0,0,0,0
STU000610,16,M,White,11,1.65,1.82,0.864,0.935,392,455,2,2,1,67,70,1,Some College,0,0,0,0,1
STU000611,14,M,Hispanic,9,2.4,1.95,0.837,0.891,493,485,0,0,2,55,56,1,Some College,0,1,0,0,0
STU000612,17,F,Asian,12,2.52,2.89,0.898,0.895,520,352,0,0,1,70,71,1,Some College,0,0,0,0,0
STU000613,18,M,Other,12,1.48,1.09,0.732,0.643,407,451,0,0,0,75,77,1,Some College,1,0,0,0,1
STU000614,17,F,White,12,3.0,3.14,1.0,1.0,563,597,2,4,0,75,77,1,Some College,0,0,0,0,1
STU000615,14,F,Hispanic,9,2.06,2.13,0.895,0.899,474,420,1,2,2,54,55,1,High School,0,0,0,0,0
STU000616,16,M,Hispanic,11,3.88,4.0,0.949,1.0,662,696,0,0,2,68,69,0,Some College,0,1,0,0,0
STU000617,17,F,White,12,1.21,0.89,0.801,0.848,376,347,1,1,1,69,70,0,High School,0,0,0,0,1
STU000618,15,F,Black,10,1.67,1.19,0.977,1.0,428,471,2,6,3,62,66,0,High School,0,0,0,0,0
STU000619,18,M,White,12,1.71,1.7,0.889,0.974,451,445,1,2,1,69,71,1,Bachelor+,0,0,0,3,0
STU000620,17,F,Hispanic,12,1.94,1.72,0.889,0.968,457,538,0,0,1,69,69,1,Bachelor+,1,0,0,0,0
STU000621,15,M,Other,10,2.48,1.98,0.998,0.999,471,492,1,3,1,60,62,1,Bachelor+,0,1,0,0,1
STU000622,17,M,White,12,2.49,2.34,0.991,0.94,439,547,1,1,1,70,73,0,Some College,0,0,0,0,0
STU000623,15,M,Black,10,2.62,2.91,0.858,0.887,579,511,1,2,1,63,64,1,Bachelor+,0,0,0,0,0
STU000624,15,F,White,10,0.82,0.7,0.851,0.842,321,353,2,6,0,57,59,1,High School,0,0,0,2,1
STU000625,17,M,Hispanic,12,2.45,2.18,0.844,0.928,483,531,2,2,1,74,77,1,Bachelor+,0,0,0,0,1
STU000626,17,M,Hispanic,12,3.0,2.93,1.0,1.0,558,541,1,3,1,73,74,1,Some College,0,1,1,2,0
STU000627,18,F,Hispanic,12,1.51,0.98,0.76,0.683,294,439,1,2,1,74,77,0,Bachelor+,0,0,0,0,0
STU000628,14,F,White,9,4.0,3.88,0.956,1.0,690,692,0,0,1,52,52,0,Some College,0,0,0,0,0
STU000629,16,M,Black,11,4.0,3.58,1.0,0.944,588,654,0,0,2,64,65,1,Bachelor+,0,0,0,0,0
STU000630,16,F,White,11,3.31,2.74,1.0,1.0,623,606,1,1,1,69,70,1,Some College,0,0,1,0,0
STU000631,18,M,Asian,12,0.0,0.01,0.831,0.938,301,240,4,0,2,71,77,1,Less than HS,1,0,0,0,1
STU000632,17,F,White,12,2.12,1.9,0.9,0.854,411,482,2,6,2,74,78,0,Some College,0,0,0,0,0
STU000633,14,M,Hispanic,9,2.39,2.02,0.791,0.756,540,524,1,0,0,53,54,0,High School,0,0,0,0,0
STU000634,15,F,Hispanic,10,2.17,2.17,0.806,0.779,482,458,2,0,1,61,64,0,Some College,0,0,0,0,1
STU000635,16,M,Hispanic,11,2.79,2.53,1.0,0.947,590,435,2,4,2,63,67,0,Bachelor+,0,0,0,0,1
STU000636,14,M,White,9,3.25,3.0,0.839,0.815,533,504,0,0,3,52,52,1,Bachelor+,0,0,0,0,1
STU000637,14,F,Hispanic,9,2.29,2.36,0.953,0.975,554,412,1,1,0,52,55,1,Some College,0,0,1,1,1
STU000638,16,M,Black,11,2.18,1.87,0.808,0.814,485,592,1,2,0,63,64,0,High School,0,0,0,2,1
STU000639,15,F,White,10,2.09,2.34,0.954,0.944,399,456,0,0,4,61,61,0,High School,0,0,1,1,0
STU000640,18,F,White,12,1.65,2.3,0.91,0.909,450,489,2,0,1,72,76,1,High School,0,0,0,1,0
STU000641,16,M,White,11,2.33,2.74,0.721,0.744,464,413,5,0,2,67,73,0,Less than HS,0,0,0,0,1
STU000642,15,M,Asian,10,2.32,2.07,0.916,0.941,559,418,0,0,1,58,59,0,Bachelor+,1,0,0,0,1
STU000643,14,F,White,9,3.01,2.64,0.786,0.69,580,498,1,2,3,52,54,0,Some College,0,0,0,0,0
STU000644,15,M,White,10,2.27,2.34,0.91,0.911,466,517,3,3,1,63,66,1,Bachelor+,0,0,0,1,1
STU000645,16,F,White,11,2.62,2.77,0.975,1.0,550,486,1,0,2,63,66,0,High School,0,0,0,0,0
STU000646,17,M,Black,12,1.28,1.17,0.921,0.923,358,408,3,9,1,74,79,0,High School,0,0,0,0,1
STU000647,15,M,White,10,2.83,3.04,0.889,0.892,541,508,2,0,3,57,61,0,High School,0,0,0,0,0
STU000648,18,M,White,12,0.0,0.39,0.871,0.792,237,282,2,6,0,69,73,1,Less than HS,0,1,0,2,1
STU000649,17,F,White,12,1.85,2.02,1.0,0.953,472,483,1,2,3,71,72,0,Some College,0,0,0,1,0
STU000650,18,M,White,12,3.11,3.2,0.937,0.964,607,582,1,1,3,69,72,0,Less than HS,0,1,0,0,1
STU000651,17,M,White,12,2.89,3.32,0.9,0.924,470,524,0,0,3,72,72,0,Bachelor+,0,0,0,0,0
STU000652,17,M,White,12,3.48,3.03,0.922,0.929,667,562,1,3,2,69,70,1,High School,1,0,0,1,0
STU000653,17,M,White,12,2.88,2.6,0.968,0.903,543,533,0,0,2,70,70,0,Bachelor+,0,0,0,0,0
STU000654,17,M,White,12,2.08,2.63,0.944,0.96,423,438,2,2,2,71,74,0,Less than HS,0,0,0,0,0
STU000655,14,M,Other,9,0.52,1.04,0.898,0.828,324,297,4,12,3,56,60,0,High School,1,0,0,1,1
STU000656,14,F,White,9,2.6,2.43,0.972,0.943,490,491,0,0,2,57,59,1,Some College,0,0,0,0,0
STU000657,18,F,White,12,1.38,1.57,0.84,0.827,499,384,3,6,1,69,73,0,Some College,0,0,0,1,1
STU000658,18,M,Hispanic,12,1.73,1.16,1.0,0.92,411,402,4,8,2,69,74,1,Less than HS,0,1,0,0,1
STU000659,14,F,White,9,2.07,2.3,0.933,0.968,480,405,3,9,2,57,61,0,Bachelor+,0,0,0,1,0
STU000660,18,M,Black,12,1.78,2.33,0.926,0.862,410,544,2,2,0,69,71,0,Bachelor+,0,0,0,0,0
STU000661,17,M,Other,12,2.04,2.51,0.897,0.921,440,530,1,2,2,70,71,0,Less than HS,0,0,0,0,1
STU000662,18,M,Black,12,2.19,2.47,0.889,0.904,407,399,3,6,2,73,78,0,Some College,0,0,0,0,1
STU000663,14,F,Black,9,2.16,2.59,0.931,0.977,437,420,3,6,0,51,55,1,Some College,0,0,0,0,0
STU000664,18,F,Black,12,2.25,2.29,0.898,0.871,520,484,3,0,1,72,75,0,Less than HS,0,0,0,1,0
STU000665,14,M,White,9,2.06,2.22,0.916,0.911,433,374,1,3,1,55,57,1,High School,1,0,0,0,0
STU000666,17,M,White,12,3.26,3.61,0.912,0.912,537,608,1,1,0,75,78,0,Less than HS,0,0,0,0,0
STU000667,17,M,Hispanic,12,1.96,2.17,0.885,0.838,424,490,0,0,1,74,74,0,Less than HS,0,0,0,0,0
STU000668,18,M,White,12,2.11,2.44,0.91,0.81,498,445,0,0,1,70,70,0,Bachelor+,0,0,0,1,0
STU000669,16,F,White,11,3.84,3.72,0.875,0.946,576,646,0,0,1,66,66,0,High School,0,0,0,0,0
STU000670,14,F,White,9,2.47,2.6,0.991,1.0,536,521,2,6,2,51,53,1,High School,0,0,0,0,1
STU000671,16,F,Black,11,4.0,3.73,1.0,1.0,672,683,0,0,4,69,70,0,Some College,0,1,0,0,0
STU000672,14,M,White,9,2.6,2.91,0.926,0.916,502,456,2,2,0,55,58,1,Bachelor+,0,1,1,1,0
STU000673,15,F,White,10,3.2,3.69,1.0,0.978,589,575,1,0,2,61,62,0,Less than HS,1,0,0,1,0
STU000674,15,M,Black,10,3.61,3.59,0.973,0.915,583,563,0,0,4,57,58,0,High School,0,0,0,1,0
STU000675,16,F,Hispanic,11,4.0,4.0,0.901,0.832,658,575,0,0,2,68,69,0,Some College,0,0,0,0,0
STU000676,17,F,Hispanic,12,1.98,1.95,0.836,0.763,529,579,1,2,2,71,72,1,High School,0,1,0,0,0
STU000677,18,F,White,12,1.76,1.72,0.844,0.903,449,397,3,6,2,75,79,0,High School,0,0,0,0,0
STU000678,18,M,Hispanic,12,1.82,1.64,0.944,0.925,424,363,0,0,1,69,69,0,High School,0,0,0,0,0
STU000679,18,M,White,12,0.83,0.72,0.959,0.968,344,309,2,2,1,72,75,1,Some College,1,0,0,0,1
STU000680,17,M,White,12,2.35,2.38,0.95,0.971,389,440,1,1,0,70,72,0,Some College,1,0,0,0,0
STU000681,15,M,White,10,3.35,3.28,0.956,0.916,591,595,0,0,2,61,62,1,Bachelor+,1,0,0,0,1
STU000682,14,M,White,9,3.74,4.0,0.922,0.95,628,647,0,0,3,51,53,1,Some College,0,1,0,0,0
STU000683,18,F,White,12,2.84,3.08,0.884,0.884,554,564,1,3,1,70,71,1,Bachelor+,0,0,0,0,0
STU000684,14,F,White,9,3.63,3.91,0.873,0.884,576,574,0,0,0,52,54,1,Some College,0,0,0,2,0
STU000685,16,F,Asian,11,2.83,2.44,0.961,0.976,536,461,1,1,0,69,72,0,Some College,1,0,0,0,1
STU000686,15,F,White,10,0.58,1.07,0.931,0.874,284,302,2,0,1,62,66,1,Some College,1,0,0,0,1
STU000687,16,M,Black,11,4.0,4.0,1.0,0.958,771,701,0,0,1,66,68,0,Some College,0,0,0,0,0
STU000688,17,M,Black,12,2.08,2.37,0.886,0.922,347,486,1,0,1,73,75,0,Bachelor+,0,0,0,0,0
STU000689,14,F,Black,9,2.41,2.75,0.933,0.985,454,475,3,0,2,52,56,1,Bachelor+,0,0,0,0,0
STU000690,14,M,White,9,3.74,3.34,0.931,0.972,697,532,0,0,1,51,52,0,High School,0,0,0,0,0
STU000691,17,F,Black,12,1.68,1.25,0.97,1.0,323,376,1,2,1,71,74,1,High School,0,0,0,0,0
STU000692,15,M,White,10,2.2,2.44,0.848,0.924,463,423,1,1,1,58,61,1,Bachelor+,0,1,0,0,1
STU000693,15,M,Black,10,0.0,0.14,0.738,0.692,285,200,2,0,2,63,67,1,Less than HS,0,0,0,0,1
STU000694,18,F,Hispanic,12,3.41,3.55,0.997,0.885,513,500,0,0,3,72,73,1,Bachelor+,0,0,0,1,0
STU000695,14,M,Black,9,1.54,1.37,0.938,1.0,369,383,1,0,3,51,53,0,Some College,1,0,0,0,0
STU000696,16,F,White,11,2.9,2.93,1.0,1.0,461,617,2,0,1,69,72,0,Some College,0,0,0,0,0
STU000697,16,F,Other,11,1.92,2.28,0.941,0.96,371,503,2,4,3,68,71,0,Bachelor+,0,0,0,1,1
STU000698,15,M,White,10,2.06,2.21,0.878,0.863,389,510,2,0,3,60,62,0,High School,0,0,0,2,0
STU000699,15,M,Black,10,3.4,3.53,1.0,1.0,623,714,0,0,3,60,62,0,Some College,0,0,0,0,0
STU000700,14,M,White,9,3.93,4.0,0.983,1.0,603,711,0,0,2,54,56,1,Bachelor+,0,0,0,0,0
STU000701,14,F,White,9,2.74,2.74,0.872,0.81,583,570,2,2,1,53,56,0,High School,0,0,0,0,0
STU000702,14,M,Hispanic,9,1.93,1.95,0.756,0.761,410,415,1,2,1,52,55,1,Some College,0,0,0,2,1
STU000703,17,F,Hispanic,12,2.83,3.36,0.905,0.945,502,521,2,2,2,70,72,1,Bachelor+,0,0,0,0,0
STU000704,15,F,Hispanic,10,1.9,2.29,0.948,0.869,510,391,0,0,1,62,63,1,Bachelor+,0,0,0,1,0
STU000705,18,F,White,12,1.62,1.46,1.0,1.0,422,427,3,6,2,70,74,0,Less than HS,0,0,0,2,1
STU000706,14,F,White,9,3.58,3.46,1.0,1.0,603,636,0,0,1,57,58,1,Some College,0,0,0,0,0
STU000707,17,F,White,12,2.83,3.15,1.0,1.0,587,562,0,0,3,69,69,1,Less than HS,0,1,0,1,0
STU000708,14,F,White,9,1.51,1.59,0.81,0.877,457,432,1,2,0,57,60,1,High School,0,0,0,2,0
STU000709,14,M,White,9,1.17,0.94,0.892,0.982,388,327,2,2,1,54,58,0,Some College,0,0,0,0,0
STU000710,16,M,White,11,3.83,3.8,0.988,1.0,485,587,0,0,0,65,66,0,High School,0,1,0,1,0
STU000711,16,F,Other,11,1.46,1.49,0.943,0.972,377,497,0,0,3,64,64,0,Bachelor+,0,0,0,1,0
STU000712,15,F,Hispanic,10,3.64,4.0,0.929,1.0,682,638,0,0,1,60,61,0,Some College,1,1,0,3,1
STU000713,18,M,Black,12,3.33,3.57,0.991,1.0,576,553,0,0,0,70,72,0,Some College,0,1,0,0,1
STU000714,17,M,Black,12,1.65,1.31,1.0,1.0,387,468,2,4,0,74,77,0,Some College,0,0,0,1,0
STU000715,18,M,Hispanic,12,2.58,2.38,0.949,0.884,406,399,3,9,2,73,77,0,Less than HS,0,0,0,0,0
STU000716,18,M,Hispanic,12,3.02,3.1,0.908,0.974,548,502,2,6,2,69,72,1,Bachelor+,0,0,0,0,0
STU000717,15,F,Hispanic,10,3.36,3.33,0.809,0.875,604,542,1,3,1,57,59,0,Less than HS,0,0,0,0,0
STU000718,15,M,White,10,2.71,2.79,1.0,1.0,489,507,4,12,0,59,64,1,Bachelor+,0,0,0,0,1
STU000719,16,M,Black,11,3.54,3.6,0.872,0.876,542,660,0,0,2,69,69,0,Bachelor+,0,1,0,0,0
STU000720,16,F,Hispanic,11,2.77,2.62,0.992,0.988,600,480,0,0,2,69,71,0,Some College,1,0,0,2,0
STU000721,16,M,White,11,2.13,2.77,1.0,0.956,424,433,1,2,1,63,65,1,High School,0,0,0,0,1
STU000722,18,M,White,12,1.4,1.36,1.0,1.0,360,484,1,2,1,73,74,0,Some College,0,0,0,0,1
STU000723,16,M,White,11,1.53,1.16,0.935,0.943,383,420,0,0,2,69,70,0,Less than HS,1,0,0,0,0
STU000724,16,F,Hispanic,11,1.8,1.91,0.871,0.81,407,361,2,6,2,64,68,0,Less than HS,0,0,0,0,1
STU000725,16,F,Hispanic,11,4.0,4.0,1.0,0.91,678,610,0,0,2,65,67,0,Some College,0,0,0,0,0
STU000726,14,M,Other,9,3.58,3.63,0.803,0.852,541,635,1,1,3,52,54,0,High School,0,0,0,0,0
STU000727,18,F,Black,12,2.1,2.37,0.864,0.907,521,449,3,0,2,69,73,0,Some College,0,0,0,0,1
STU000728,15,M,Black,10,2.92,3.16,0.872,0.945,484,560,1,1,2,61,62,1,Bachelor+,0,0,0,0,0
STU000729,14,F,Black,9,3.78,3.56,0.934,0.936,592,537,0,0,2,56,57,0,Some College,0,0,0,0,0
STU000730,14,F,Hispanic,9,2.51,2.87,1.0,0.967,456,478,0,0,0,52,53,0,Bachelor+,0,0,0,0,0
STU000731,14,F,White,9,1.87,1.89,0.892,0.842,420,458,2,2,2,55,58,1,Less than HS,0,0,0,0,1
STU000732,16,M,White,11,2.49,2.6,0.823,0.813,518,533,1,1,0,66,67,1,High School,0,0,1,3,1
STU000733,17,M,White,12,3.44,3.23,0.779,0.654,467,647,1,2,1,75,76,1,Bachelor+,0,1,0,1,0
STU000734,18,F,White,12,2.59,2.49,0.874,0.841,442,610,0,0,4,74,74,0,High School,0,0,0,1,0
STU000735,15,M,White,10,2.0,1.22,0.883,0.943,487,534,3,6,0,60,65,1,Some College,0,0,0,0,0
STU000736,14,F,Hispanic,9,2.82,3.04,0.946,0.871,546,515,0,0,2,55,55,0,Bachelor+,0,0,0,0,0
STU000737,17,M,White,12,2.57,2.19,0.988,0.981,553,542,1,3,0,69,72,1,Less than HS,0,0,0,0,0
STU000738,18,F,Other,12,2.48,2.51,0.844,0.862,381,528,1,2,1,70,72,1,Some College,0,0,0,0,1
STU000739,17,M,Hispanic,12,1.85,1.77,1.0,0.996,424,445,2,0,2,73,75,1,Bachelor+,0,1,1,2,0
STU000740,17,F,White,12,2.52,2.53,1.0,1.0,460,521,1,3,2,69,72,0,High School,0,0,0,0,0
STU000741,15,F,Black,10,2.71,2.57,0.937,0.857,535,638,1,0,0,61,63,1,High School,0,0,1,0,1
STU000742,15,M,White,10,3.19,3.18,1.0,1.0,588,481,1,1,4,62,64,1,Bachelor+,0,0,0,0,0
STU000743,18,F,Hispanic,12,2.81,3.02,0.956,0.873,482,629,0,0,1,71,72,1,Some College,0,0,0,0,0
STU000744,17,F,Other,12,2.36,2.28,0.986,0.942,493,451,0,0,2,75,76,1,Some College,0,0,0,1,0
STU000745,18,F,Hispanic,12,0.0,0.0,0.744,0.803,200,200,3,6,0,73,78,1,Less than HS,0,0,0,0,1
STU000746,14,M,White,9,2.44,2.73,0.883,0.931,456,402,0,0,0,53,53,0,Some College,0,0,0,0,0
STU000747,18,F,Hispanic,12,3.29,3.02,1.0,1.0,493,546,0,0,1,71,71,0,Bachelor+,0,0,0,0,1
STU000748,14,F,Hispanic,9,2.68,1.98,0.946,0.91,545,561,1,0,1,56,58,1,High School,0,0,0,1,0
STU000749,18,M,White,12,0.97,0.92,0.956,0.934,438,346,6,0,1,72,79,1,High School,0,0,0,1,1
STU000750,16,F,White,11,2.66,2.0,0.88,0.926,492,512,2,0,1,69,71,1,High School,1,1,0,0,0
STU000751,16,F,White,11,1.88,2.37,0.912,0.946,442,399,2,4,4,66,70,0,High School,0,0,0,0,0
STU000752,14,M,Hispanic,9,2.79,3.0,0.938,0.974,551,498,3,3,1,56,61,0,Less than HS,0,0,0,0,0
STU000753,14,F,Hispanic,9,4.0,3.81,1.0,0.992,667,628,0,0,2,52,52,1,Bachelor+,0,0,0,0,1
STU000754,15,M,Hispanic,10,2.61,2.68,0.994,0.982,573,478,0,0,0,57,57,1,High School,1,0,1,0,0
STU000755,14,M,White,9,2.96,3.09,1.0,0.902,576,548,2,0,2,57,59,1,Bachelor+,0,0,0,0,0
STU000756,17,F,White,12,1.59,1.5,0.916,0.901,342,422,3,6,0,72,77,0,Less than HS,0,0,0,0,1
STU000757,14,M,White,9,3.07,3.58,1.0,0.953,584,491,0,0,3,52,52,1,Less than HS,0,0,0,0,0
STU000758,18,F,Black,12,0.18,0.04,0.841,0.846,200,269,8,24,1,70,78,1,High School,1,0,0,0,0
STU000759,14,M,Black,9,1.61,1.6,0.914,0.873,453,362,2,4,1,55,59,1,High School,1,1,0,1,0
STU000760,18,F,Black,12,1.57,1.62,1.0,0.98,433,427,0,0,2,73,74,1,Bachelor+,0,0,1,0,1
STU000761,17,F,Asian,12,3.59,3.25,0.919,0.923,470,544,0,0,1,72,74,0,Bachelor+,0,0,0,1,0
STU000762,15,M,Hispanic,10,1.22,1.21,0.924,1.0,383,389,4,0,0,61,65,0,Some College,0,0,0,0,1
STU000763,14,M,White,9,3.25,3.01,0.933,0.872,568,649,0,0,1,55,55,1,Bachelor+,0,0,0,0,0
STU000764,15,F,White,10,2.58,2.51,1.0,1.0,572,410,0,0,3,60,61,1,Some College,0,0,0,0,0
STU000765,16,M,Hispanic,11,2.18,2.38,0.902,1.0,503,407,1,1,2,69,70,0,High School,0,0,0,0,1
STU000766,16,F,White,11,2.48,1.93,0.986,1.0,549,412,0,0,1,65,65,1,Bachelor+,0,0,0,0,0
STU000767,18,M,Hispanic,12,1.34,1.19,0.918,0.947,356,343,1,3,1,75,78,1,Bachelor+,0,0,0,0,1
STU000768,17,M,White,12,3.31,3.74,0.893,0.905,542,634,0,0,1,73,73,0,Some College,0,0,0,0,0
STU000769,18,M,Hispanic,12,3.89,3.9,1.0,0.928,595,594,0,0,1,71,73,0,Some College,0,0,0,0,0
STU000770,18,M,White,12,1.79,1.23,0.926,0.917,321,457,1,1,1,70,71,1,Less than HS,0,0,0,0,0
STU000771,17,M,White,12,1.99,1.75,0.849,0.8,413,487,2,6,2,73,77,1,High School,0,0,0,0,0
STU000772,16,F,White,11,1.36,1.06,0.979,0.997,306,368,0,0,3,68,70,0,Bachelor+,0,0,0,0,1
STU000773,18,M,White,12,2.66,2.32,1.0,1.0,569,510,0,0,2,70,70,1,Bachelor+,0,0,0,0,1
STU000774,18,F,Black,12,3.07,2.48,0.931,0.985,651,573,0,0,2,75,76,0,High School,0,0,0,0,1
STU000775,17,M,Hispanic,12,1.66,1.44,0.884,0.812,484,457,3,9,1,73,76,1,High School,0,0,0,0,0
STU000776,14,F,White,9,1.0,1.58,0.941,0.975,316,388,5,15,1,56,62,1,Less than HS,0,0,0,0,0
STU000777,16,M,White,11,2.63,2.84,0.967,0.856,485,521,2,0,1,65,68,1,High School,0,0,0,1,0
STU000778,15,F,Hispanic,10,0.34,0.21,0.809,0.741,247,297,4,0,2,63,67,1,High School,0,0,0,3,1
STU000779,18,F,White,12,1.71,1.56,0.85,0.835,361,413,2,4,2,73,76,0,Bachelor+,1,0,0,2,1
STU000780,16,F,Hispanic,11,1.63,1.56,0.991,0.956,392,525,2,4,0,64,68,0,Bachelor+,0,1,0,2,1
STU000781,16,M,Other,11,3.37,3.1,0.968,0.948,696,558,0,0,1,67,67,1,Bachelor+,0,0,0,0,0
STU000782,17,M,Hispanic,12,3.91,4.0,1.0,0.967,618,600,0,0,1,72,72,1,Bachelor+,0,0,0,0,0
STU000783,17,M,Black,12,4.0,3.74,1.0,1.0,708,590,0,0,3,72,74,0,Some College,0,0,0,0,0
STU000784,14,M,Black,9,3.15,3.26,0.97,0.989,618,513,1,0,3,52,53,1,Bachelor+,0,0,1,1,0
STU000785,17,M,White,12,2.02,1.64,0.997,0.99,498,440,1,0,1,75,78,1,Less than HS,0,0,0,0,1
STU000786,14,F,Black,9,3.03,2.95,1.0,1.0,530,568,1,2,2,51,53,0,Bachelor+,0,0,0,2,0
STU000787,14,F,White,9,3.0,3.49,0.824,0.816,566,527,2,4,1,57,59,1,Bachelor+,0,0,0,2,0
STU000788,15,M,White,10,2.62,2.82,0.958,0.967,489,489,1,0,2,60,63,0,Bachelor+,0,0,0,0,0
STU000789,18,M,White,12,2.58,2.46,0.94,0.949,476,467,1,1,2,73,76,0,Some College,0,0,1,1,1
STU000790,18,M,White,12,3.09,3.48,1.0,0.989,613,547,0,0,1,69,69,0,Some College,0,0,0,1,1
STU000791,17,M,White,12,2.93,2.42,1.0,1.0,545,440,0,0,2,71,72,1,Bachelor+,1,0,0,0,1
STU000792,16,M,White,11,1.86,1.89,0.938,0.987,461,383,1,0,3,63,64,0,High School,1,0,1,0,0
STU000793,14,F,Asian,9,2.84,3.07,1.0,0.917,487,469,2,4,4,52,56,1,Less than HS,0,0,0,0,1
STU000794,15,M,Hispanic,10,2.65,2.52,0.855,0.842,602,446,0,0,2,62,63,0,Bachelor+,0,0,0,0,0
STU000795,15,M,Hispanic,10,2.0,2.25,0.904,0.821,338,450,0,0,3,63,65,1,High School,0,0,0,0,0
STU000796,18,F,Hispanic,12,2.0,2.02,0.891,0.874,528,478,1,2,2,75,77,1,Some College,0,0,0,0,0
STU000797,16,M,Hispanic,11,3.2,3.33,0.997,1.0,511,510,0,0,0,67,69,1,Bachelor+,0,0,0,0,0
STU000798,18,M,Hispanic,12,0.0,0.0,0.733,0.78,264,200,4,12,3,72,77,1,High School,0,0,0,0,1
STU000799,17,M,White,12,2.43,2.17,0.934,0.928,540,452,2,2,2,73,75,1,Bachelor+,0,0,0,1,1
STU000800,16,M,White,11,2.56,2.82,0.817,0.756,515,555,2,0,1,67,71,1,Bachelor+,0,0,0,2,1
STU000801,18,F,Hispanic,12,1.75,1.75,0.91,0.866,357,366,1,1,4,74,77,0,Some College,0,1,0,1,0
STU000802,18,M,Black,12,2.2,2.19,0.996,1.0,421,459,0,0,2,75,77,0,Less than HS,1,0,0,0,0
STU000803,16,M,Hispanic,11,4.0,4.0,0.944,0.959,679,637,0,0,2,66,68,0,Bachelor+,0,0,0,2,1
STU000804,16,F,White,11,2.43,2.59,0.902,0.95,397,520,2,6,2,65,68,0,Bachelor+,0,0,0,1,0
STU000805,16,F,White,11,2.76,2.33,1.0,0.97,553,484,2,4,1,64,68,0,High School,0,1,0,1,0
STU000806,15,F,Black,10,1.62,1.76,0.881,0.889,444,347,2,4,0,57,61,0,High School,1,0,0,0,0
STU000807,18,F,White,12,2.55,2.73,0.821,0.903,420,582,1,0,0,71,72,1,Some College,0,0,0,1,0
STU000808,16,F,White,11,3.45,3.13,0.93,0.931,624,585,0,0,2,68,69,0,Some College,0,0,0,1,0
STU000809,16,F,White,11,1.48,1.78,0.907,1.0,424,448,2,4,1,69,71,0,High School,0,0,0,3,0
STU000810,18,F,White,12,2.7,2.93,1.0,1.0,503,556,0,0,0,72,74,0,Some College,0,0,0,1,0
STU000811,18,F,White,12,0.65,0.1,0.894,0.893,250,273,5,10,2,75,82,1,Some College,0,0,0,0,1
STU000812,14,F,Hispanic,9,1.53,1.69,0.928,0.926,328,421,1,3,0,56,58,1,High School,0,0,0,0,1
STU000813,15,M,Asian,10,3.35,3.7,0.961,1.0,503,556,0,0,1,59,59,1,High School,0,0,0,2,0
STU000814,16,M,Black,11,1.49,1.01,0.868,0.839,423,442,2,4,1,69,71,1,Bachelor+,0,0,0,0,0
STU000815,16,F,White,11,2.87,2.88,1.0,1.0,491,524,3,0,2,66,70,1,High School,0,0,0,2,0
STU000816,14,F,Hispanic,9,2.22,2.1,1.0,1.0,557,504,1,0,3,53,55,1,Bachelor+,0,0,0,0,1
STU000817,17,M,White,12,2.61,2.55,0.687,0.635,488,508,1,3,4,69,72,0,High School,1,0,0,0,1
STU000818,18,F,White,12,1.95,1.87,0.793,0.798,446,490,0,0,1,74,76,1,Some College,0,0,0,0,1
STU000819,18,F,Other,12,2.81,2.32,0.99,0.964,513,442,1,1,1,72,75,0,Less than HS,0,0,0,0,1
STU000820,14,M,Hispanic,9,2.15,1.78,0.925,0.999,436,520,1,1,1,52,53,0,Some College,1,0,0,0,0
STU000821,18,F,Black,12,2.96,3.16,1.0,1.0,489,560,0,0,0,72,72,1,Bachelor+,0,0,0,1,0
STU000822,15,M,White,10,2.16,2.04,0.863,0.789,471,508,0,0,0,58,58,1,Less than HS,0,0,0,1,1
STU000823,18,F,Hispanic,12,2.74,2.62,0.933,1.0,588,488,1,1,1,73,75,0,Some College,1,1,0,0,0
STU000824,17,M,White,12,1.84,2.06,0.864,0.839,385,501,2,4,0,71,75,1,Less than HS,0,0,0,0,1
STU000825,17,M,White,12,3.35,3.14,0.913,0.905,591,655,0,0,3,70,70,1,Some College,1,0,0,1,0
STU000826,16,F,Black,11,1.3,1.62,0.909,0.813,315,406,1,3,1,68,69,0,Some College,0,0,0,2,1
STU000827,16,F,White,11,2.76,2.26,0.977,0.926,524,601,1,3,1,68,70,0,Some College,0,0,0,0,0
STU000828,18,M,White,12,1.42,1.37,0.782,0.808,236,408,3,9,0,73,76,1,Some College,0,1,0,3,1
STU000829,15,F,White,10,0.75,0.93,0.81,0.74,322,227,1,2,4,60,61,1,Some College,0,0,1,0,0
STU000830,17,M,Hispanic,12,0.71,0.61,1.0,0.943,307,200,3,9,1,69,74,1,Some College,0,0,0,0,0
STU000831,15,F,White,10,2.56,2.65,0.823,0.774,486,624,0,0,1,57,57,1,Some College,1,0,1,0,1
STU000832,15,M,White,10,1.62,1.33,1.0,1.0,432,283,2,6,1,62,65,0,Bachelor+,1,0,1,0,0
STU000833,17,F,White,12,2.12,2.62,0.825,0.815,485,466,1,1,2,74,77,0,High School,0,0,0,0,0
STU000834,15,F,White,10,4.0,3.53,0.975,0.984,601,728,0,0,1,62,63,1,High School,0,0,0,1,0
STU000835,16,F,Asian,11,1.87,1.45,0.857,0.86,471,463,2,0,1,69,71,0,High School,0,0,0,0,0
STU000836,17,M,Hispanic,12,1.89,1.85,0.983,1.0,473,325,3,0,2,71,74,1,Bachelor+,1,0,1,2,0
STU000837,14,M,White,9,2.0,1.68,0.955,0.863,473,453,1,0,0,52,55,1,High School,0,0,0,1,0
STU000838,16,F,Black,11,1.47,1.83,0.929,0.91,376,379,2,2,0,69,71,0,High School,0,0,0,2,1
STU000839,16,F,White,11,2.55,2.63,0.913,0.919,568,407,0,0,2,64,66,1,High School,0,0,0,0,1
STU000840,18,F,Hispanic,12,2.77,2.92,0.91,0.928,565,446,1,1,3,75,76,0,Some College,0,0,0,0,1
STU000841,15,M,White,10,0.89,0.78,0.958,0.932,368,369,0,0,3,59,61,1,Bachelor+,0,0,0,0,0
STU000842,16,M,White,11,0.78,0.55,0.76,0.744,271,265,5,10,4,63,69,1,Bachelor+,1,0,0,0,1
STU000843,15,M,White,10,2.81,2.82,0.932,0.952,519,595,0,0,0,57,59,1,High School,0,0,0,0,0
STU000844,14,F,White,9,3.6,3.84,0.939,0.956,602,626,0,0,1,53,54,1,Bachelor+,0,0,0,0,0
STU000845,17,F,White,12,1.41,1.41,0.896,0.926,352,499,4,8,0,71,75,1,Some College,0,0,0,0,1
STU000846,14,F,Hispanic,9,3.92,3.98,0.977,0.981,739,716,0,0,3,53,54,1,Some College,0,1,0,2,0
STU000847,18,F,White,12,0.69,0.69,0.945,0.997,317,351,7,7,3,75,83,1,Some College,1,1,0,0,1
STU000848,18,M,Hispanic,12,2.46,2.17,0.822,0.807,525,364,1,0,1,75,77,0,Bachelor+,0,0,0,1,1
STU000849,15,M,White,10,2.52,3.03,0.952,0.973,487,513,0,0,2,63,65,0,Some College,1,0,0,0,0
STU000850,16,F,Black,11,2.87,2.62,1.0,0.971,508,500,0,0,1,64,66,1,High School,0,0,0,0,0
STU000851,16,M,White,11,2.45,2.73,1.0,0.947,469,453,0,0,3,67,69,1,Bachelor+,0,0,0,0,0
STU000852,18,M,White,12,1.91,2.39,0.992,1.0,544,385,0,0,1,73,75,0,Bachelor+,0,0,0,0,0
STU000853,16,F,Hispanic,11,2.77,2.64,0.865,0.895,482,577,0,0,1,64,64,1,High School,0,0,0,1,0
STU000854,17,M,White,12,2.93,2.83,0.908,1.0,560,641,1,3,1,74,75,1,Bachelor+,0,0,0,3,0
STU000855,15,F,Hispanic,10,3.15,3.08,0.954,1.0,688,607,0,0,2,57,58,0,High School,1,0,0,0,0
STU000856,16,F,White,11,3.7,3.9,0.985,0.909,559,634,0,0,2,66,66,0,High School,0,0,0,2,0
STU000857,18,M,Hispanic,12,1.02,1.29,0.855,0.834,309,294,0,0,1,73,75,0,Some College,1,0,0,0,1
STU000858,17,F,White,12,2.89,3.31,0.803,0.84,505,619,0,0,0,75,77,0,High School,0,0,0,0,0
STU000859,15,F,White,10,1.42,1.52,0.827,0.883,460,374,2,2,1,63,66,1,Less than HS,0,0,0,2,1
STU000860,15,F,White,10,4.0,3.72,1.0,0.951,692,614,0,0,2,61,63,0,Bachelor+,0,0,0,0,0
STU000861,17,F,White,12,3.7,3.95,0.889,0.872,637,491,0,0,2,73,73,1,Bachelor+,0,1,0,1,0
STU000862,14,M,White,9,1.91,1.58,0.948,0.885,489,420,0,0,0,54,55,0,Less than HS,0,0,0,1,0
STU000863,17,M,Other,12,2.18,1.96,0.945,0.872,498,458,2,2,0,74,76,1,Less than HS,0,0,0,0,0
STU000864,17,F,Black,12,4.0,3.75,1.0,0.888,558,657,0,0,0,70,71,0,Bachelor+,0,0,0,0,0
STU000865,16,F,White,11,2.51,2.92,0.883,0.832,499,388,2,2,4,69,72,1,Less than HS,0,0,0,0,1
STU000866,17,F,White,12,2.3,2.39,0.911,0.785,487,513,3,0,0,71,75,0,High School,0,0,0,1,1
STU000867,16,F,White,11,1.93,1.68,0.877,0.849,485,531,0,0,1,68,69,1,Some College,0,0,0,2,0
STU000868,14,F,White,9,3.78,3.61,1.0,1.0,583,707,0,0,1,53,53,0,Bachelor+,0,0,0,0,0
STU000869,17,F,White,12,1.86,2.31,0.896,0.922,424,489,2,0,1,73,76,1,High School,0,0,0,1,0
STU000870,14,M,White,9,1.6,1.36,0.886,0.846,488,323,2,2,1,53,56,1,Bachelor+,1,0,0,0,1
STU000871,18,F,Other,12,2.09,1.72,0.842,0.832,533,512,3,3,0,74,78,1,Some College,0,0,0,2,1
STU000872,18,M,White,12,1.39,1.58,0.823,0.823,381,471,3,6,2,74,78,0,Some College,0,0,0,0,1
STU000873,17,M,White,12,3.75,4.0,1.0,0.912,641,625,0,0,1,73,73,0,Some College,0,0,0,1,0
STU000874,14,M,Black,9,2.58,2.36,0.859,0.753,516,578,1,0,0,56,58,0,High School,0,0,0,1,0
STU000875,15,F,White,10,2.83,3.04,0.818,0.77,580,580,1,3,2,61,63,1,Some College,0,0,0,1,0
STU000876,17,M,Black,12,2.37,2.59,0.863,0.834,391,476,1,1,0,72,73,1,Some College,0,0,0,0,0
STU000877,16,F,White,11,3.37,3.51,0.866,0.819,527,698,0,0,2,64,65,0,Less than HS,0,0,0,0,0
STU000878,14,F,White,9,4.0,3.67,1.0,1.0,646,590,0,0,4,51,53,0,Bachelor+,0,0,1,0,0
STU000879,18,M,Asian,12,1.75,1.7,0.99,0.994,425,441,3,9,0,69,73,1,High School,1,0,0,1,0
STU000880,18,F,Asian,12,1.47,1.64,1.0,0.996,414,367,2,4,2,69,71,1,Bachelor+,0,1,0,0,1
STU000881,16,M,Hispanic,11,3.09,3.19,0.98,0.859,577,538,0,0,2,67,69,0,High School,0,0,0,0,0
STU000882,16,F,Black,11,2.82,3.27,0.971,0.959,577,507,0,0,1,63,64,1,Bachelor+,0,0,0,0,1
STU000883,18,F,White,12,0.23,0.62,0.889,0.904,246,294,3,3,1,73,76,1,High School,0,0,0,0,1
STU000884,17,M,Hispanic,12,2.75,2.52,0.809,0.827,513,545,2,6,1,69,71,0,Bachelor+,0,1,0,2,1
STU000885,16,F,Black,11,2.12,1.74,0.969,0.981,495,534,0,0,2,69,69,1,Bachelor+,0,0,0,3,0
STU000886,14,F,White,9,3.12,3.57,1.0,1.0,565,589,1,3,0,55,57,0,Some College,0,0,0,0,0
STU000887,18,M,Black,12,1.73,1.92,1.0,1.0,449,435,2,0,3,75,77,0,Bachelor+,0,0,0,0,1
STU000888,16,M,Hispanic,11,1.66,1.58,0.979,0.923,435,425,2,2,1,69,72,1,High School,0,0,0,1,1
STU000889,14,F,White,9,2.18,2.48,0.918,1.0,453,543,0,0,1,54,56,1,Bachelor+,0,0,0,0,0
STU000890,14,F,Other,9,4.0,3.56,1.0,0.989,658,627,0,0,1,55,56,1,Bachelor+,0,0,0,1,0
STU000891,18,F,Black,12,2.82,2.84,1.0,0.962,583,598,0,0,0,72,74,0,Some College,1,0,0,3,0
STU000892,14,F,Asian,9,3.32,3.82,1.0,1.0,581,577,1,3,4,57,59,1,Bachelor+,0,0,0,1,0
STU000893,16,M,Hispanic,11,3.54,3.87,0.948,0.941,592,528,0,0,2,66,67,1,Some College,0,0,0,0,0
STU000894,14,M,Hispanic,9,3.56,3.8,0.928,0.962,628,572,0,0,1,52,54,0,High School,0,1,1,0,0
STU000895,16,M,Hispanic,11,3.34,3.65,0.998,0.964,526,676,0,0,4,65,67,0,Some College,0,0,1,1,0
STU000896,15,F,White,10,1.33,0.97,0.795,0.746,408,359,1,0,2,59,62,1,High School,0,0,1,0,0
STU000897,17,M,White,12,3.92,3.72,0.913,1.0,679,662,0,0,2,73,73,0,High School,1,0,0,1,0
STU000898,18,M,Hispanic,12,1.76,1.78,0.995,0.968,356,437,3,9,2,74,79,0,High School,0,0,0,1,1
STU000899,17,M,Hispanic,12,2.97,2.77,1.0,0.94,530,521,0,0,0,70,72,1,High School,0,0,0,1,0
STU000900,17,F,White,12,2.71,3.02,0.947,0.937,537,538,1,2,2,69,71,1,Some College,0,0,0,3,1
STU000901,18,F,Hispanic,12,1.7,1.39,0.978,0.992,464,430,2,4,0,73,76,1,Bachelor+,0,1,0,1,0
STU000902,16,F,Asian,11,3.39,3.66,0.928,0.913,553,779,0,0,2,69,70,1,Bachelor+,0,0,0,1,1
STU000903,18,F,Hispanic,12,2.35,2.18,1.0,0.933,484,447,1,3,1,73,74,0,High School,0,0,1,3,0
STU000904,17,M,Black,12,1.5,1.25,0.948,0.916,415,364,5,5,0,73,80,0,High School,0,0,0,1,0
STU000905,14,M,Black,9,2.33,2.3,1.0,1.0,399,405,0,0,2,55,55,1,Some College,0,0,0,0,0
STU000906,17,F,Hispanic,12,4.0,4.0,0.984,1.0,716,634,0,0,1,72,72,0,High School,1,0,0,1,0
STU000907,17,F,Black,12,1.7,1.35,0.927,0.917,414,471,1,2,0,75,76,1,Bachelor+,1,1,0,0,0
STU000908,18,M,Other,12,2.25,2.37,0.96,0.899,421,486,0,0,0,75,76,0,Some College,0,0,1,0,0
STU000909,15,F,Hispanic,10,3.86,3.89,0.875,0.824,557,671,0,0,1,63,63,0,Bachelor+,0,0,0,0,1
STU000910,16,F,Asian,11,3.32,2.96,0.996,1.0,505,679,1,0,1,63,66,1,High School,0,0,0,0,0
STU000911,18,F,White,12,0.48,0.4,0.965,0.916,389,356,2,4,2,72,76,0,High School,0,0,0,1,1
STU000912,17,F,Asian,12,2.53,2.41,0.952,1.0,458,460,0,0,2,73,74,0,Bachelor+,0,0,0,0,0
STU000913,18,M,Hispanic,12,0.0,0.23,0.851,0.938,274,246,4,0,3,73,77,1,High School,1,0,0,0,1
STU000914,18,M,White,12,1.21,1.5,0.931,0.855,397,342,4,4,4,71,75,0,High School,0,0,0,0,1
STU000915,17,F,Black,12,1.85,1.67,0.887,0.884,411,442,1,1,0,69,70,0,Less than HS,0,0,0,0,0
STU000916,14,F,Hispanic,9,2.69,2.51,0.732,0.77,497,616,0,0,1,51,52,0,Some College,1,1,0,0,0
STU000917,14,M,White,9,3.81,3.82,0.945,0.995,601,596,1,0,1,57,58,1,Some College,0,0,0,0,1
STU000918,14,M,White,9,2.78,2.69,1.0,0.903,537,480,2,2,2,54,57,0,Less than HS,0,0,0,0,0
STU000919,17,M,White,12,0.95,1.34,0.669,0.653,327,345,3,6,1,73,77,0,High School,0,1,0,1,0
STU000920,16,F,White,11,2.22,2.53,0.924,0.964,485,473,1,0,1,65,67,1,Some College,0,0,0,1,0
STU000921,14,F,Hispanic,9,2.85,3.15,0.926,0.84,478,604,1,2,0,52,55,1,Bachelor+,0,0,0,1,1
STU000922,14,F,Other,9,3.36,3.85,0.904,0.882,623,586,0,0,2,57,57,1,Some College,0,0,0,2,0
STU000923,18,M,White,12,0.0,0.18,0.846,0.912,293,249,3,3,2,72,75,1,Less than HS,1,0,0,0,0
STU000924,14,F,Hispanic,9,1.94,2.39,0.823,0.801,389,471,0,0,0,54,56,0,Less than HS,0,0,0,0,0
STU000925,15,F,Hispanic,10,2.97,2.58,0.896,0.8,509,526,1,2,1,59,60,1,High School,0,1,1,0,0
STU000926,17,F,Hispanic,12,2.25,2.21,0.787,0.784,503,502,2,6,1,75,79,0,Bachelor+,0,0,0,0,0
STU000927,15,F,White,10,3.83,4.0,0.845,0.854,603,508,0,0,1,61,63,1,Some College,1,0,0,0,0
STU000928,16,F,Hispanic,11,3.98,3.66,0.854,0.971,656,684,0,0,2,63,63,1,Some College,0,0,0,0,0
STU000929,16,F,Hispanic,11,3.0,2.82,0.957,0.969,561,538,0,0,2,63,64,0,Bachelor+,0,0,1,0,0
STU000930,16,M,Hispanic,11,2.82,2.7,0.818,0.829,546,550,2,2,2,65,69,1,High School,0,1,1,0,1
STU000931,18,F,Hispanic,12,0.45,0.91,0.892,0.892,358,293,1,1,0,72,73,1,Some College,1,0,0,0,0
STU000932,16,M,White,11,2.92,3.57,1.0,0.963,526,489,1,1,2,68,70,0,High School,0,0,0,1,0
STU000933,16,M,Other,11,1.79,1.5,0.885,0.815,385,371,3,3,1,63,67,0,Less than HS,0,0,1,0,0
STU000934,14,M,Asian,9,3.05,3.37,0.929,0.921,545,512,0,0,2,57,57,1,Bachelor+,1,0,1,0,1
STU000935,14,F,Hispanic,9,0.98,0.72,0.915,0.843,317,402,0,0,1,56,58,0,High School,0,0,0,0,0
STU000936,18,M,Hispanic,12,1.72,1.25,0.87,0.933,440,414,2,6,1,74,78,0,Some College,1,1,0,0,1
STU000937,18,F,Black,12,2.75,2.9,0.976,0.889,615,583,1,0,3,73,75,0,Bachelor+,0,0,0,3,0
STU000938,16,M,Black,11,3.42,3.16,0.955,1.0,577,641,0,0,1,65,66,0,High School,0,0,0,1,0
STU000939,16,M,Other,11,2.5,2.72,1.0,0.943,470,457,2,6,2,67,70,0,High School,0,0,0,0,0
STU000940,14,M,Hispanic,9,3.24,2.98,0.943,0.829,485,570,0,0,1,52,52,0,Less than HS,0,0,0,0,0
STU000941,15,M,White,10,2.49,1.84,0.879,0.86,507,450,2,0,3,62,66,0,High School,0,0,0,0,1
STU000942,14,F,Black,9,4.0,3.94,1.0,1.0,624,671,0,0,2,57,57,0,High School,0,0,0,0,0
STU000943,14,F,White,9,2.65,2.41,0.811,0.857,526,456,2,0,0,51,53,1,Some College,0,0,0,0,1
STU000944,17,F,Hispanic,12,3.16,3.52,1.0,0.946,614,592,2,2,1,74,78,0,Some College,0,0,1,0,0
STU000945,15,F,White,10,1.33,1.54,0.789,0.798,409,348,3,3,1,63,68,1,Some College,0,0,0,0,1
STU000946,18,F,White,12,1.44,1.42,0.926,0.89,407,454,2,2,2,75,77,0,Bachelor+,1,0,0,0,0
STU000947,15,F,Other,10,3.03,3.15,0.911,0.895,630,589,2,2,0,59,62,1,Bachelor+,0,1,0,0,0
STU000948,16,F,White,11,3.01,2.95,0.872,0.877,511,589,1,2,0,69,70,0,High School,0,0,0,0,0
STU000949,16,F,Hispanic,11,3.34,3.29,0.932,1.0,605,643,3,6,1,65,70,1,Bachelor+,0,0,0,0,0
STU000950,18,F,White,12,1.32,1.24,0.87,0.965,428,351,3,9,1,70,73,1,High School,0,1,0,0,1
STU000951,18,F,White,12,2.02,1.63,0.937,0.958,525,438,2,2,2,73,76,0,High School,0,0,0,3,0
STU000952,17,F,Black,12,4.0,3.9,0.958,0.948,557,622,0,0,1,73,73,0,Some College,0,0,0,0,0
STU000953,14,F,White,9,3.0,3.05,0.963,0.924,457,423,1,0,2,57,59,0,Less than HS,0,0,0,0,0
STU000954,15,M,White,10,1.7,1.52,0.945,0.945,444,442,1,1,2,57,59,0,Bachelor+,0,0,0,0,0
STU000955,14,M,Hispanic,9,3.23,2.86,0.844,0.836,562,563,3,9,2,57,61,1,Bachelor+,0,0,0,2,1
STU000956,16,F,Hispanic,11,3.47,3.95,0.965,1.0,571,596,1,1,2,63,65,1,Some College,0,0,0,0,0
STU000957,18,F,Hispanic,12,0.66,0.74,0.771,0.883,326,287,5,15,3,75,82,0,High School,0,0,0,0,0
STU000958,16,M,Black,11,2.2,2.27,1.0,0.993,359,411,4,12,3,65,71,1,Bachelor+,0,1,0,0,1
STU000959,17,M,White,12,0.76,1.03,0.856,0.952,324,297,0,0,1,72,72,1,Some College,1,0,0,2,1
STU000960,18,F,White,12,2.86,3.18,0.845,0.864,534,506,1,0,1,75,76,0,High School,1,0,0,0,0
STU000961,18,F,White,12,1.85,1.89,0.782,0.756,432,371,1,2,1,73,75,0,Bachelor+,0,0,0,1,1
STU000962,16,M,Black,11,2.06,2.32,0.939,1.0,517,473,0,0,2,66,68,0,High School,0,0,0,0,0
STU000963,14,F,Other,9,1.43,1.62,0.817,0.775,390,417,4,8,1,56,61,1,High School,0,0,1,0,0
STU000964,14,F,White,9,2.58,2.11,0.877,0.912,538,521,1,0,3,56,58,1,Some College,0,0,0,0,1
STU000965,18,M,Black,12,2.58,2.29,0.957,0.975,490,494,1,3,3,69,71,1,Some College,0,0,0,0,1
STU000966,14,F,White,9,3.36,3.58,0.945,0.916,612,616,0,0,3,52,53,0,Bachelor+,1,0,0,0,0
STU000967,17,M,Black,12,3.36,3.17,0.907,0.886,625,574,1,0,1,70,71,1,Bachelor+,0,0,0,0,0
STU000968,16,M,Black,11,2.12,2.03,0.937,0.92,436,487,1,2,2,65,68,1,Less than HS,0,1,0,0,1
STU000969,14,M,White,9,1.9,2.11,0.853,0.898,432,486,1,2,2,55,58,1,Some College,0,0,0,0,1
STU000970,16,F,White,11,1.36,1.41,0.804,0.747,380,446,2,2,2,64,66,1,Bachelor+,0,0,0,0,0
STU000971,18,M,Hispanic,12,1.23,0.81,0.819,0.786,368,426,3,3,2,72,76,0,Some College,1,0,1,0,1
STU000972,15,F,Black,10,3.54,3.94,0.947,0.994,572,595,0,0,4,60,60,0,Bachelor+,1,0,0,0,0
STU000973,14,M,White,9,1.91,1.97,0.923,0.91,420,465,1,3,2,54,55,0,Some College,0,0,1,0,0
STU000974,18,F,Hispanic,12,1.55,1.5,0.887,0.907,376,475,2,0,1,69,72,1,Less than HS,0,0,0,1,1
STU000975,18,F,Asian,12,2.01,2.34,0.874,0.943,496,390,3,6,1,73,77,1,High School,0,0,0,0,1
STU000976,14,M,White,9,2.85,3.23,0.875,0.89,498,543,1,2,0,56,59,0,High School,0,0,0,0,1
STU000977,14,F,White,9,3.0,3.03,0.907,0.98,525,514,1,0,1,52,54,0,High School,0,0,0,0,0
STU000978,16,F,Hispanic,11,3.24,3.36,0.972,0.928,619,568,0,0,0,69,71,0,Bachelor+,0,0,0,3,1
STU000979,16,M,White,11,2.45,3.12,0.911,0.871,513,583,1,2,1,69,70,1,High School,0,0,0,2,1
STU000980,15,F,Black,10,1.97,2.62,0.95,0.932,498,361,1,3,2,58,60,1,Some College,0,0,0,0,0
STU000981,18,M,White,12,1.11,1.02,0.921,0.983,319,354,4,4,0,73,78,1,Some College,0,0,0,0,1
STU000982,17,M,Black,12,2.43,2.52,0.789,0.855,538,382,1,1,0,73,76,1,Bachelor+,0,0,0,0,1
STU000983,16,M,Black,11,2.29,2.64,0.86,0.898,487,488,3,0,4,67,70,1,High School,0,0,0,0,0
STU000984,17,F,Hispanic,12,2.83,3.44,1.0,0.972,536,604,0,0,2,72,74,0,Some College,0,0,0,3,0
STU000985,16,M,White,11,1.72,1.75,1.0,1.0,403,432,0,0,1,67,67,1,Bachelor+,1,0,0,3,0
STU000986,18,M,White,12,2.69,2.25,1.0,0.982,477,504,3,0,0,71,76,1,Some College,0,0,1,0,0
STU000987,18,F,White,12,1.47,1.26,0.872,0.852,422,518,4,4,1,71,76,1,Bachelor+,0,0,0,1,0
STU000988,16,F,Asian,11,3.26,3.31,0.953,0.966,611,521,0,0,2,68,70,0,High School,0,0,0,1,0
STU000989,18,M,Other,12,2.23,2.67,0.878,0.898,544,427,2,4,0,70,72,1,Some College,0,0,0,1,1
STU000990,17,F,White,12,2.62,2.67,1.0,0.966,532,504,2,2,0,71,73,0,High School,1,0,0,2,1
STU000991,15,F,Hispanic,10,2.19,2.21,0.901,1.0,501,480,2,0,3,59,61,1,High School,0,0,1,1,1
STU000992,14,M,Hispanic,9,1.35,1.41,0.911,0.981,423,390,3,3,1,54,58,1,Less than HS,1,0,0,0,1
STU000993,14,M,White,9,2.8,2.89,0.898,0.914,614,482,2,0,0,56,58,0,High School,0,0,0,0,0
STU000994,16,M,White,11,2.33,2.39,0.831,0.843,514,487,2,4,3,66,68,1,Bachelor+,0,0,0,0,0
STU000995,14,M,Hispanic,9,4.0,3.6,1.0,1.0,652,609,0,0,2,54,56,0,Some College,0,0,0,1,0
STU000996,16,M,White,11,2.85,2.51,0.952,0.918,485,556,1,1,4,67,68,1,High School,0,0,0,0,1
STU000997,15,M,White,10,2.39,2.64,0.84,0.848,497,485,0,0,3,57,57,1,Some College,0,0,0,0,0
STU000998,17,F,Other,12,2.69,2.76,0.912,0.965,554,415,1,0,2,71,74,0,High School,0,0,0,0,0
STU000999,14,M,White,9,1.59,1.81,0.878,0.868,392,421,2,4,0,55,57,1,Some College,0,0,0,0,1
STU001000,15,M,White,10,2.16,2.39,0.901,0.85,501,421,0,0,1,61,62,1,High School,0,1,0,0,0
STU001001,17,F,Hispanic,12,3.67,3.41,0.941,1.0,701,584,0,0,1,72,72,0,Bachelor+,0,0,0,0,0
STU001002,15,M,White,10,2.01,2.33,0.854,0.797,527,488,1,2,3,61,64,1,High School,0,0,0,1,0
STU001003,18,F,Hispanic,12,0.68,0.85,0.936,1.0,297,414,1,2,2,71,72,1,Some College,0,0,0,3,1
STU001004,16,M,White,11,1.97,1.65,0.882,0.906,451,375,1,2,0,65,68,0,Some College,0,0,0,1,1
STU001005,16,M,White,11,1.7,1.37,0.818,0.911,528,471,1,0,1,64,67,0,Some College,0,0,0,0,1
STU001006,15,M,Black,10,1.66,1.48,0.894,0.867,427,395,1,2,3,63,65,1,Bachelor+,0,0,0,0,1
STU001007,18,M,Black,12,2.96,2.86,0.998,0.949,571,599,0,0,1,73,75,0,High School,0,0,0,1,0
STU001008,18,M,White,12,1.28,1.94,0.831,0.791,374,413,2,2,0,74,76,1,Some College,0,0,0,0,1
STU001009,14,M,Hispanic,9,4.0,3.99,0.822,0.82,614,645,0,0,1,56,57,1,Some College,0,0,0,0,0
STU001010,17,F,Asian,12,2.55,3.14,0.999,0.939,439,471,2,2,4,73,76,0,Some College,0,1,0,0,0
STU001011,17,M,White,12,2.65,2.37,0.907,0.964,447,578,1,3,4,73,74,0,Some College,0,0,0,0,0
STU001012,16,M,Other,11,1.44,0.91,0.943,0.948,332,374,2,6,2,65,67,1,Bachelor+,0,0,1,0,1
STU001013,16,F,White,11,1.85,2.31,0.921,0.916,525,399,4,12,2,68,73,1,Less than HS,0,0,0,3,1
STU001014,15,M,Hispanic,10,1.99,2.4,0.839,0.804,458,488,3,0,0,62,67,0,Less than HS,1,0,0,1,1
STU001015,16,M,Hispanic,11,2.73,3.18,1.0,1.0,503,534,1,0,1,67,69,1,High School,0,0,0,0,0
STU001016,17,M,Hispanic,12,2.64,2.63,0.928,0.849,497,554,2,0,1,69,71,0,Less than HS,1,0,0,1,0
STU001017,18,F,Hispanic,12,2.08,1.92,0.726,0.775,477,580,4,12,2,75,79,1,Less than HS,0,0,0,1,1
STU001018,15,M,Hispanic,10,2.03,1.94,1.0,0.97,409,468,1,3,2,60,61,0,Bachelor+,0,0,1,0,0
STU001019,17,M,White,12,2.74,2.64,0.847,0.854,573,459,0,0,2,73,74,1,Bachelor+,0,0,0,0,0
STU001020,17,F,Hispanic,12,2.82,2.62,0.871,0.883,557,534,0,0,1,71,72,0,High School,0,0,0,2,1
STU001021,14,F,White,9,3.41,3.6,0.94,0.876,523,592,1,2,1,54,57,0,Less than HS,0,0,0,0,1
STU001022,15,F,White,10,0.66,0.61,0.732,0.727,211,313,1,0,0,62,64,0,Bachelor+,1,0,0,0,1
STU001023,15,M,Hispanic,10,2.74,2.8,0.974,0.97,602,475,0,0,2,63,64,1,Bachelor+,0,0,0,0,0
STU001024,14,F,White,9,1.95,1.89,0.987,1.0,428,530,3,3,1,53,57,1,High School,0,0,0,0,1
STU001025,14,M,Black,9,2.53,2.43,0.902,0.926,508,512,0,0,1,56,56,0,Some College,0,0,0,1,0
STU001026,18,F,Hispanic,12,1.18,0.84,0.904,0.894,399,441,6,12,0,69,75,0,Some College,0,0,0,2,1
STU001027,16,M,White,11,1.97,2.02,0.909,0.952,449,424,0,0,1,64,64,1,Bachelor+,0,0,0,0,1
STU001028,16,M,Hispanic,11,3.49,3.85,0.987,0.959,607,583,0,0,1,63,64,0,Some College,0,1,0,1,1
STU001029,17,M,Hispanic,12,3.95,4.0,0.861,0.811,705,509,0,0,3,75,75,0,Some College,0,0,0,1,0
STU001030,15,M,Asian,10,3.66,3.47,1.0,1.0,617,721,0,0,1,62,63,0,Less than HS,0,0,0,0,0
STU001031,18,M,White,12,2.63,2.94,0.79,0.849,570,440,0,0,4,71,72,0,Bachelor+,0,0,1,0,0
STU001032,18,M,Hispanic,12,1.41,1.1,0.886,0.864,493,371,0,0,3,75,77,1,Bachelor+,0,0,0,0,0
STU001033,14,F,Hispanic,9,3.58,3.5,0.962,1.0,513,668,0,0,0,54,56,0,Bachelor+,0,0,1,0,0
STU001034,18,F,Other,12,1.63,1.68,1.0,1.0,390,351,2,6,3,71,75,1,High School,0,0,0,1,1
STU001035,18,F,Hispanic,12,0.33,0.34,0.836,0.757,421,351,4,4,0,72,78,1,High School,0,0,0,0,1
STU001036,15,F,Hispanic,10,2.19,1.6,0.915,0.966,505,462,1,1,0,57,58,0,Less than HS,0,0,0,1,1
STU001037,18,F,Other,12,1.31,1.06,0.963,0.959,395,421,3,3,4,75,79,1,Bachelor+,0,1,0,0,1
STU001038,14,F,White,9,3.02,3.5,0.96,1.0,569,546,0,0,1,52,53,0,Bachelor+,0,0,1,0,0
STU001039,14,F,Asian,9,3.28,3.57,0.886,0.851,669,625,1,2,2,57,58,0,Some College,0,0,0,0,0
STU001040,16,F,Black,11,1.46,0.79,0.881,0.971,402,329,0,0,1,64,64,0,High School,0,0,1,0,0
STU001041,17,M,White,12,2.72,2.47,0.865,0.887,445,550,1,2,3,75,78,1,Some College,0,0,0,0,0
STU001042,17,M,Black,12,0.19,0.16,0.86,0.847,272,272,5,5,2,69,74,1,High School,1,0,0,1,1
STU001043,16,M,Hispanic,11,3.56,3.73,1.0,0.913,606,671,0,0,2,63,65,0,Bachelor+,0,0,0,0,0
STU001044,18,F,Black,12,2.48,2.6,0.745,0.7,447,572,1,3,2,74,76,1,Some College,0,0,0,1,1
STU001045,14,F,White,9,2.86,3.05,0.947,0.907,583,427,0,0,0,57,59,1,Some College,0,0,0,0,0
STU001046,17,F,White,12,2.7,2.61,0.926,0.913,526,517,0,0,0,71,71,1,Bachelor+,0,1,0,0,0
STU001047,17,M,White,12,1.79,1.84,1.0,0.864,331,377,0,0,0,70,71,1,Some College,0,0,0,0,0
STU001048,16,F,White,11,1.83,1.27,0.885,0.909,506,385,1,3,1,66,68,0,Some College,1,0,0,0,0
STU001049,18,M,Black,12,1.69,1.86,0.959,0.954,397,486,1,2,4,71,72,1,Bachelor+,0,0,0,0,0
STU001050,16,F,Black,11,0.67,0.42,0.871,1.0,325,387,3,0,1,66,69,1,Bachelor+,1,0,0,0,1
STU001051,18,F,Hispanic,12,0.47,0.6,0.731,0.834,271,237,5,15,0,70,76,1,High School,0,0,0,0,1
STU001052,16,F,Hispanic,11,2.35,2.24,0.888,0.901,413,369,1,1,1,68,71,1,Bachelor+,0,0,0,1,1
STU001053,14,M,White,9,2.33,2.59,1.0,1.0,412,613,1,0,4,53,55,1,Some College,0,0,0,0,0
STU001054,15,F,White,10,4.0,3.8,1.0,0.942,614,608,0,0,0,60,60,0,Some College,0,0,0,0,0
STU001055,16,M,Black,11,1.49,1.49,0.784,0.809,388,455,2,6,2,66,70,1,Some College,0,0,0,2,1
STU001056,18,M,White,12,1.66,1.69,0.91,0.942,461,392,5,5,1,72,79,0,High School,0,0,0,0,1
STU001057,15,M,White,10,2.21,1.85,1.0,0.953,476,546,2,6,1,61,63,0,Bachelor+,0,0,0,2,0
STU001058,18,M,Hispanic,12,2.13,2.66,0.955,0.942,494,475,1,1,4,75,78,1,Bachelor+,1,1,0,1,1
STU001059,18,F,Black,12,1.15,1.14,0.82,0.83,452,371,4,4,0,69,75,1,Some College,0,0,0,2,1
STU001060,17,F,Black,12,2.11,2.54,0.854,0.853,526,504,1,2,1,74,75,1,High School,1,0,0,0,1
STU001061,16,M,Asian,11,3.01,2.82,1.0,1.0,595,540,0,0,2,64,66,1,High School,0,0,0,0,0
STU001062,17,F,Hispanic,12,1.14,0.83,0.907,0.872,381,316,2,6,3,74,78,1,Some College,0,0,0,1,1
STU001063,18,F,Other,12,1.05,0.81,0.925,0.908,422,325,2,2,0,75,77,0,Less than HS,0,0,0,0,1
STU001064,17,F,White,12,1.79,2.32,0.892,0.92,405,417,1,2,0,70,73,1,High School,0,1,0,0,1
STU001065,18,M,White,12,2.82,2.42,1.0,0.947,494,571,1,3,1,75,78,0,Some College,0,1,0,0,0
STU001066,18,F,Hispanic,12,1.57,1.85,0.966,0.986,384,508,2,6,2,71,74,1,Less than HS,0,0,0,0,1
STU001067,14,M,Black,9,1.23,1.88,0.73,0.807,450,366,3,3,1,55,58,1,Bachelor+,0,0,0,0,0
STU001068,14,F,Black,9,1.81,2.08,0.895,0.902,484,402,1,0,1,56,58,0,Bachelor+,0,0,0,2,0
STU001069,14,F,White,9,2.49,2.28,1.0,0.959,481,449,0,0,3,52,53,0,Less than HS,0,0,0,1,0
STU001070,16,M,White,11,2.39,3.03,0.885,0.858,451,520,1,0,0,64,66,1,Bachelor+,0,0,0,0,1
STU001071,15,F,White,10,2.57,2.93,0.955,0.918,477,347,1,3,1,61,64,0,Some College,0,0,0,0,0
STU001072,16,M,Hispanic,11,2.37,2.14,1.0,0.857,467,495,2,2,0,63,65,0,High School,0,0,0,0,1
STU001073,15,M,White,10,1.97,1.64,0.987,1.0,490,476,1,2,1,61,64,0,Some College,0,0,0,0,1
STU001074,15,M,Asian,10,3.7,3.36,0.952,0.894,524,582,0,0,1,60,60,1,High School,0,0,0,0,0
STU001075,14,M,White,9,2.24,2.22,0.934,0.917,505,491,1,3,2,55,56,1,Bachelor+,0,0,0,0,0
STU001076,16,F,Hispanic,11,2.14,1.88,0.932,0.877,451,436,1,0,2,66,69,0,Some College,0,0,0,0,1
STU001077,16,M,Black,11,2.57,2.44,0.899,0.963,567,509,2,2,1,67,71,0,Bachelor+,0,0,0,3,0
STU001078,18,F,White,12,0.1,0.0,0.836,0.892,200,211,3,6,1,69,73,0,High School,0,0,0,0,1
STU001079,15,F,White,10,3.05,2.85,1.0,1.0,526,582,0,0,0,59,59,1,Some College,0,0,0,0,1
STU001080,16,M,Other,11,2.03,1.86,0.918,0.922,482,402,3,9,2,65,68,0,High School,0,0,1,0,0
STU001081,14,M,Other,9,2.52,2.34,0.794,0.829,463,469,2,0,0,51,55,0,Less than HS,0,0,0,0,1
STU001082,16,F,White,11,1.8,1.84,0.858,0.905,485,546,0,0,0,63,64,0,Some College,0,0,0,2,1
STU001083,15,F,White,10,3.3,3.63,0.935,0.918,635,628,0,0,4,60,62,0,Bachelor+,1,0,0,0,0
STU001084,15,F,White,10,3.11,2.84,0.995,1.0,560,619,0,0,1,63,64,1,Less than HS,0,0,0,0,0
STU001085,16,F,Black,11,3.34,3.08,1.0,0.915,602,512,1,2,1,66,68,1,Some College,0,1,0,0,0
STU001086,15,M,Hispanic,10,3.19,3.46,0.97,0.947,553,508,0,0,4,58,60,0,Bachelor+,0,0,0,0,0
STU001087,15,M,Black,10,4.0,3.27,0.936,0.928,719,720,0,0,2,63,65,1,Less than HS,1,0,0,1,0
STU001088,16,M,Other,11,1.56,1.96,0.949,0.852,371,477,4,12,0,67,72,1,High School,0,1,0,0,1
STU001089,17,M,Hispanic,12,2.03,1.97,0.992,1.0,431,465,2,4,2,72,75,1,Bachelor+,0,1,0,2,1
STU001090,17,M,Black,12,2.58,2.53,0.954,0.973,450,403,2,6,1,72,74,1,Some College,1,0,0,1,0
STU001091,17,F,Other,12,1.89,2.42,1.0,1.0,370,540,1,3,1,69,72,0,Bachelor+,0,0,1,1,0
STU001092,17,M,White,12,2.8,2.55,1.0,1.0,541,581,0,0,1,75,76,0,Some College,1,0,0,0,0
STU001093,16,M,Hispanic,11,3.79,3.26,0.97,0.965,557,557,0,0,1,66,67,0,Bachelor+,0,0,1,0,0
STU001094,15,M,Other,10,1.72,1.46,0.982,0.984,376,356,2,0,2,62,66,1,Bachelor+,1,0,0,0,0
STU001095,16,M,White,11,1.67,1.94,0.988,1.0,387,454,1,2,1,69,72,0,Some College,1,0,0,2,0
STU001096,15,F,Other,10,3.36,2.64,0.948,0.997,579,620,0,0,3,58,58,1,Less than HS,0,0,0,0,1
STU001097,15,F,Hispanic,10,1.54,1.61,0.882,0.854,355,356,3,9,0,62,65,1,Some College,0,0,0,2,0
STU001098,16,F,Asian,11,3.1,3.15,0.844,0.816,600,445,0,0,2,63,65,0,Less than HS,0,0,0,1,0
STU001099,17,M,Hispanic,12,2.99,3.28,1.0,1.0,588,597,1,2,0,75,77,0,Less than HS,0,0,0,0,1
STU001100,17,M,White,12,2.8,3.21,0.886,0.863,538,572,1,3,0,75,77,0,Bachelor+,0,0,0,1,0
STU001101,16,F,Hispanic,11,2.45,2.75,0.959,1.0,522,552,1,3,0,67,69,1,Some College,1,0,1,0,1
STU001102,15,F,Asian,10,2.83,2.61,0.869,0.897,520,611,0,0,1,62,63,0,Some College,0,0,0,1,0
STU001103,17,F,Hispanic,12,2.79,2.86,0.973,0.95,603,506,2,6,3,70,72,1,Some College,0,0,0,0,1
STU001104,16,F,White,11,3.84,4.0,0.939,1.0,590,713,0,0,3,69,70,0,Some College,0,0,0,1,0
STU001105,16,F,Hispanic,11,3.7,3.52,0.924,0.904,500,523,1,3,2,63,64,0,Less than HS,0,0,0,0,0
STU001106,18,M,White,12,0.63,0.12,0.952,0.991,416,333,1,2,4,72,73,0,High School,0,0,1,0,0
STU001107,18,M,White,12,2.98,2.91,0.897,0.89,612,495,0,0,0,72,72,0,Bachelor+,0,0,0,1,0
STU001108,14,F,Black,9,3.4,3.16,1.0,0.906,615,593,0,0,3,54,55,0,Bachelor+,1,0,0,0,0
STU001109,14,M,White,9,3.04,3.06,0.976,0.942,504,446,0,0,2,53,53,0,Some College,0,0,0,0,0
STU001110,15,F,White,10,2.35,2.44,1.0,1.0,583,535,2,0,1,63,67,0,Less than HS,0,0,0,1,0
STU001111,17,F,Black,12,3.61,3.19,0.893,0.764,567,641,1,0,2,73,76,0,High School,0,0,0,0,0
STU001112,16,M,Hispanic,11,2.08,1.68,0.934,0.92,394,556,0,0,2,68,68,1,Less than HS,0,0,0,2,1
STU001113,14,F,Hispanic,9,0.94,0.77,0.921,0.881,341,373,2,4,2,57,60,0,Bachelor+,0,0,0,0,0
STU001114,15,M,Hispanic,10,2.95,3.39,0.939,0.903,503,390,3,9,2,58,63,0,High School,0,0,0,0,0
STU001115,17,F,White,12,1.49,1.8,0.868,0.85,453,345,1,1,0,69,71,1,Some College,1,0,0,0,0
STU001116,18,F,Asian,12,2.04,2.14,1.0,0.879,443,479,2,2,2,75,78,1,High School,0,0,1,0,0
STU001117,17,F,Hispanic,12,3.24,2.89,0.877,0.9,603,673,1,3,3,73,75,1,Some College,0,0,0,0,1
STU001118,17,F,Asian,12,1.16,1.04,0.926,1.0,341,357,5,0,1,75,82,0,Bachelor+,0,0,0,0,0
STU001119,16,M,White,11,1.99,2.35,0.987,1.0,375,589,0,0,1,68,70,0,Bachelor+,0,1,0,1,0
STU001120,18,M,Hispanic,12,0.43,0.43,0.785,0.861,315,312,2,0,2,69,71,0,High School,1,0,0,0,0
STU001121,16,F,Hispanic,11,2.4,2.66,0.853,0.933,514,546,1,2,1,66,67,1,High School,0,0,0,3,1
STU001122,14,M,White,9,2.04,1.49,0.907,0.816,414,443,1,3,3,57,59,0,High School,1,0,1,0,0
STU001123,17,M,Black,12,2.72,2.15,0.8,0.852,484,489,3,6,2,73,78,0,Less than HS,0,0,0,0,1
STU001124,18,M,Hispanic,12,1.71,2.24,1.0,0.974,411,419,1,2,4,72,74,0,High School,0,0,0,0,0
STU001125,18,M,Hispanic,12,1.74,2.14,1.0,1.0,453,392,4,8,2,73,79,0,Some College,0,0,0,0,1
STU001126,16,F,Hispanic,11,2.82,2.69,0.958,0.848,535,500,0,0,2,68,68,1,Bachelor+,0,0,0,1,1
STU001127,14,F,Hispanic,9,3.36,2.97,0.958,0.928,588,577,0,0,2,52,54,0,Some College,0,1,0,0,0
STU001128,16,M,Black,11,2.72,2.53,1.0,0.974,551,675,4,4,2,68,74,0,High School,0,1,0,2,1
STU001129,18,F,White,12,1.31,1.92,0.959,0.984,409,363,1,1,2,75,77,0,High School,0,0,0,0,1
STU001130,15,F,Hispanic,10,2.94,2.9,0.873,0.72,470,525,0,0,0,61,62,1,Some College,0,0,0,0,0
STU001131,15,F,Other,10,3.03,2.8,0.907,0.917,519,448,1,3,2,60,63,0,Less than HS,0,0,0,0,0
STU001132,14,F,Hispanic,9,2.99,3.22,0.985,1.0,531,570,0,0,0,52,52,0,Bachelor+,0,0,0,0,0
STU001133,16,M,White,11,4.0,4.0,0.919,0.848,665,668,0,0,0,69,69,0,Bachelor+,0,0,0,0,0
STU001134,16,M,Hispanic,11,2.82,3.13,0.889,0.941,504,468,1,0,2,68,71,0,Bachelor+,0,0,0,2,0
STU001135,14,F,White,9,3.29,2.68,0.897,0.799,650,561,1,2,2,55,58,0,Some College,0,0,0,0,0
STU001136,15,M,White,10,2.58,2.44,0.988,0.861,587,477,0,0,4,63,64,1,High School,0,0,0,2,0
STU001137,14,F,White,9,2.05,2.32,0.931,0.903,381,523,1,3,1,54,55,0,Some College,0,0,0,0,1
STU001138,18,F,White,12,0.73,1.37,0.892,0.94,321,269,5,10,1,69,76,1,High School,0,0,0,0,1
STU001139,16,M,Hispanic,11,1.97,2.14,0.955,1.0,476,471,0,0,2,69,70,1,High School,0,0,0,0,1
STU001140,16,M,Hispanic,11,2.67,2.71,0.914,0.91,500,580,0,0,1,68,69,1,Bachelor+,1,0,1,1,0
STU001141,14,M,White,9,3.65,3.7,0.788,0.794,585,553,0,0,2,55,56,1,Bachelor+,0,0,1,1,0
STU001142,14,F,White,9,3.32,2.94,1.0,1.0,595,555,0,0,1,54,56,0,Bachelor+,0,0,0,2,0
STU001143,17,M,White,12,1.83,2.08,0.769,0.836,448,430,2,6,1,71,75,1,Some College,1,0,0,0,1
STU001144,15,F,White,10,2.37,2.46,1.0,0.985,510,456,0,0,1,62,64,0,Some College,0,0,0,0,0
STU001145,15,F,Other,10,2.3,2.52,0.864,0.853,489,475,2,6,0,61,64,0,High School,0,0,0,1,1
STU001146,18,F,White,12,0.15,0.21,0.836,0.867,294,356,2,4,3,75,78,1,High School,0,0,0,1,1
STU001147,16,M,Black,11,2.61,2.39,0.907,0.929,416,510,0,0,2,63,65,1,Bachelor+,0,0,1,0,0
STU001148,17,F,Asian,12,2.43,1.99,1.0,0.976,419,485,1,1,2,70,73,1,Some College,0,0,0,2,0
STU001149,18,F,Other,12,2.4,2.62,0.924,0.886,421,501,1,1,0,70,73,0,High School,0,0,0,0,1
STU001150,18,F,White,12,0.68,0.55,0.93,0.925,328,314,3,3,1,72,76,1,Bachelor+,0,0,0,0,1
STU001151,14,M,Hispanic,9,2.6,2.14,0.854,0.865,612,486,3,3,2,54,57,1,Some College,0,0,1,1,0
STU001152,16,F,Hispanic,11,2.72,2.92,0.945,0.904,547,652,1,3,1,69,72,1,Some College,0,0,0,1,0
STU001153,14,M,White,9,3.32,3.18,0.99,1.0,540,568,2,6,4,55,58,0,Some College,0,0,0,0,0
STU001154,18,F,Asian,12,0.81,0.72,0.848,0.792,299,323,3,0,2,70,75,1,High School,0,0,0,1,0
STU001155,15,F,Asian,10,3.16,3.26,0.971,0.987,637,635,1,3,2,63,64,1,Some College,0,0,0,0,0
STU001156,17,M,White,12,2.2,1.7,1.0,0.981,422,453,2,4,3,75,77,0,Less than HS,0,0,1,1,1
STU001157,15,M,White,10,2.36,2.4,0.836,0.779,455,515,2,2,2,61,64,0,Some College,0,1,0,0,0
STU001158,14,M,Black,9,2.41,2.73,0.996,1.0,487,465,2,0,0,57,61,1,Some College,0,0,1,0,1
STU001159,16,F,Hispanic,11,3.36,3.93,0.959,1.0,636,630,0,0,3,63,64,0,Bachelor+,0,0,0,1,0
STU001160,14,F,Hispanic,9,1.57,1.77,0.937,0.987,455,260,2,4,0,56,59,1,Bachelor+,0,0,0,0,0
STU001161,17,F,Hispanic,12,2.16,1.63,0.965,0.959,380,424,1,3,1,75,77,0,High School,0,0,0,0,0
STU001162,16,M,White,11,2.54,3.07,0.934,0.909,506,573,0,0,1,65,67,1,High School,0,0,0,0,1
STU001163,17,M,White,12,3.26,3.45,0.839,0.823,548,666,0,0,3,75,75,1,Some College,0,0,0,0,0
STU001164,15,M,White,10,1.76,1.9,0.869,0.809,474,357,0,0,3,57,58,0,Some College,1,0,0,0,1
STU001165,18,F,White,12,2.52,2.6,0.9,0.963,455,443,1,2,0,71,73,1,High School,0,0,0,0,0
STU001166,15,M,Black,10,2.7,2.56,0.878,0.859,527,599,1,2,2,58,61,0,High School,0,0,0,1,0
STU001167,17,F,White,12,0.59,0.58,0.967,0.985,328,417,5,0,1,74,79,0,Less than HS,0,0,0,0,1
STU001168,16,F,White,11,2.24,2.64,1.0,1.0,517,486,0,0,0,69,71,1,Some College,0,0,0,0,0
STU001169,18,F,White,12,1.31,1.42,0.891,0.866,361,415,3,0,3,74,78,0,High School,0,0,0,0,0
STU001170,14,M,Asian,9,2.28,2.1,0.834,0.848,490,460,2,2,4,52,56,0,High School,0,0,0,2,0
STU001171,14,F,Hispanic,9,1.57,1.94,0.932,0.913,386,436,1,0,3,53,54,1,Bachelor+,1,0,0,0,1
STU001172,18,F,White,12,1.17,0.79,0.912,0.864,443,341,2,0,0,73,77,0,High School,1,1,0,0,1
STU001173,16,M,Hispanic,11,2.76,2.19,0.981,0.991,433,591,3,3,1,68,72,0,Bachelor+,0,0,0,1,0
STU001174,14,F,Hispanic,9,2.27,2.83,0.929,0.939,523,445,1,1,2,51,54,0,Bachelor+,0,0,0,0,0
STU001175,18,F,Hispanic,12,0.11,0.27,0.895,0.969,275,203,8,8,2,73,82,1,Bachelor+,0,0,0,1,0
STU001176,15,M,Hispanic,10,2.38,2.5,1.0,1.0,496,417,2,6,1,58,62,0,High School,1,0,0,1,0
STU001177,16,F,Hispanic,11,2.05,2.15,0.72,0.709,422,449,0,0,2,69,70,0,Less than HS,0,0,0,0,1
STU001178,17,M,Hispanic,12,3.22,3.61,0.864,0.944,606,554,2,0,2,75,77,0,Some College,1,0,0,0,0
STU001179,18,M,Hispanic,12,1.68,1.68,1.0,0.961,406,410,1,3,0,72,74,1,Some College,1,0,0,0,1
STU001180,17,F,White,12,2.26,2.52,0.974,1.0,483,565,0,0,1,74,75,1,Some College,0,0,0,0,0
STU001181,17,F,Asian,12,3.08,2.65,0.812,0.787,574,576,0,0,4,74,76,0,Bachelor+,0,0,0,0,0
STU001182,15,M,White,10,3.39,3.31,1.0,1.0,562,538,0,0,2,62,64,0,Bachelor+,0,1,0,0,0
STU001183,14,M,Black,9,0.78,0.8,0.919,0.94,297,314,3,0,2,52,57,0,High School,0,0,0,2,0
STU001184,15,F,White,10,3.09,3.0,0.916,0.898,605,581,0,0,2,61,63,0,High School,0,0,0,0,0
STU001185,15,F,Black,10,1.3,1.16,0.933,0.979,371,545,3,9,0,57,60,1,High School,0,0,0,1,0
STU001186,15,F,Hispanic,10,3.86,3.58,0.925,0.891,583,585,0,0,1,62,63,0,Some College,0,0,0,0,0
STU001187,16,M,Hispanic,11,1.96,1.87,0.962,0.991,556,433,2,2,4,67,70,1,Less than HS,0,0,0,0,1
STU001188,15,F,White,10,1.27,0.97,0.824,0.826,406,412,1,0,0,62,63,1,Some College,0,0,1,0,1
STU001189,15,M,White,10,2.51,2.69,0.972,0.915,507,618,2,0,2,57,59,1,High School,0,0,0,1,0
STU001190,15,M,White,10,1.96,1.7,0.969,0.95,478,471,2,4,4,63,65,1,High School,0,1,0,1,0
STU001191,15,M,White,10,2.89,2.62,1.0,0.967,520,504,2,6,0,59,61,0,Some College,0,0,0,0,1
STU001192,17,F,Black,12,1.72,1.87,0.748,0.719,351,368,1,1,1,69,71,1,Bachelor+,0,0,0,0,1
STU001193,17,M,Asian,12,2.18,2.13,0.887,0.854,601,435,0,0,1,73,74,1,Bachelor+,0,0,0,0,0
STU001194,15,M,White,10,0.18,0.0,0.824,0.82,245,237,4,0,0,63,67,1,Less than HS,1,0,0,0,1
STU001195,16,F,White,11,2.66,2.81,1.0,0.99,584,507,3,9,1,67,71,1,Less than HS,0,0,0,1,1
STU001196,14,M,Black,9,1.66,1.59,0.903,0.981,379,383,1,0,2,51,53,0,Some College,0,0,0,0,0
STU001197,14,F,Black,9,1.78,1.39,0.989,1.0,397,534,2,0,1,54,56,1,High School,0,0,0,0,1
STU001198,16,F,Hispanic,11,1.73,2.35,0.995,1.0,347,392,4,12,1,63,69,0,Some College,0,0,1,1,0
STU001199,15,M,White,10,3.5,3.44,0.781,0.759,591,548,0,0,2,63,64,1,Some College,0,0,0,0,0
STU001200,14,F,Hispanic,9,2.58,2.77,0.771,0.873,634,505,0,0,2,52,54,1,Some College,0,0,0,3,0
STU001201,18,M,Black,12,2.33,3.06,0.8,0.739,551,423,2,6,2,73,75,1,Some College,0,0,0,0,1
STU001202,17,F,Hispanic,12,2.95,3.05,1.0,0.971,547,515,1,3,1,72,74,1,High School,0,0,0,0,0
STU001203,16,F,Black,11,3.13,3.17,0.965,1.0,656,588,2,6,2,66,69,1,Less than HS,1,0,1,1,1
STU001204,15,F,White,10,2.52,2.38,0.925,0.948,596,638,1,3,1,58,59,1,Less than HS,0,0,0,1,0
STU001205,17,M,White,12,1.13,1.26,1.0,1.0,309,317,3,9,1,74,79,0,Bachelor+,0,0,0,0,1
STU001206,17,M,Hispanic,12,1.79,1.4,0.923,0.935,452,464,2,0,2,72,74,0,Less than HS,0,0,0,0,0
STU001207,15,F,Asian,10,2.18,2.04,1.0,1.0,431,448,1,1,0,57,59,0,High School,0,0,0,0,1
STU001208,15,M,White,10,1.36,1.66,0.936,0.925,413,323,2,0,1,57,60,0,Some College,0,0,0,0,0
STU001209,16,M,Black,11,2.77,2.99,0.977,1.0,510,560,2,4,2,64,68,1,Less than HS,0,0,0,0,0
STU001210,16,M,White,11,1.76,1.74,0.859,0.818,331,374,4,4,1,69,73,1,Some College,0,0,1,0,0
STU001211,18,F,Asian,12,2.23,2.8,0.773,0.749,525,515,1,3,0,73,76,0,Some College,0,0,0,1,0
STU001212,15,F,White,10,2.81,3.36,1.0,1.0,520,570,0,0,3,59,60,0,High School,0,0,0,1,0
STU001213,15,F,White,10,3.44,3.95,0.817,0.791,541,475,1,3,2,63,65,1,Bachelor+,0,0,0,0,0
STU001214,18,F,Hispanic,12,3.27,3.74,0.897,0.934,582,630,0,0,3,74,76,0,High School,0,0,0,1,0
STU001215,14,F,Other,9,2.76,2.75,0.889,0.938,580,494,3,3,2,52,55,1,Some College,0,0,0,1,0
STU001216,17,F,Black,12,4.0,4.0,0.893,0.959,591,643,0,0,2,72,73,1,Some College,0,0,0,0,0
STU001217,18,M,Black,12,2.72,2.92,0.89,0.919,527,502,0,0,0,71,71,0,Less than HS,1,0,0,0,0
STU001218,17,F,Hispanic,12,3.6,3.74,0.878,0.882,520,647,0,0,0,72,73,1,Bachelor+,0,0,0,0,1
STU001219,18,F,Hispanic,12,2.12,2.55,0.911,1.0,561,398,0,0,2,70,72,0,Bachelor+,0,0,0,0,0
STU001220,14,F,White,9,0.89,0.47,0.874,0.885,289,226,4,8,1,57,61,1,High School,1,1,0,0,1
STU001221,15,F,Hispanic,10,3.13,3.29,0.897,0.915,629,470,0,0,0,59,59,0,Some College,0,0,0,0,0
STU001222,14,M,White,9,3.94,3.65,0.824,0.79,613,768,0,0,4,52,53,1,Bachelor+,0,0,0,2,0
STU001223,16,F,Hispanic,11,2.47,2.62,0.926,0.915,428,528,3,0,3,66,70,1,Some College,1,0,0,0,1
STU001224,18,M,White,12,0.52,0.57,0.96,0.968,261,310,5,5,4,71,78,1,High School,0,0,0,0,1
STU001225,16,M,White,11,4.0,3.24,0.961,0.959,698,688,0,0,1,64,65,1,Bachelor+,0,0,1,1,0
STU001226,14,M,Black,9,2.12,1.78,0.775,0.78,382,444,1,0,2,57,59,1,Bachelor+,0,0,0,0,1
STU001227,18,M,Hispanic,12,1.01,1.13,0.838,0.833,298,241,3,6,2,69,72,1,Bachelor+,0,0,0,2,0
STU001228,17,F,White,12,1.97,1.72,0.904,0.834,438,404,1,1,1,70,72,0,Some College,0,0,0,0,0
STU001229,14,F,Hispanic,9,2.48,2.75,0.871,0.868,506,512,1,0,2,51,53,1,High School,0,0,0,0,0
STU001230,14,F,Hispanic,9,3.15,2.84,0.969,0.978,632,606,1,3,1,54,55,1,Some College,0,0,1,1,0
STU001231,14,F,Hispanic,9,3.64,3.67,1.0,0.962,550,568,0,0,4,56,56,0,High School,0,0,0,0,1
STU001232,18,F,Black,12,2.08,2.05,0.948,0.935,460,375,2,0,2,72,75,0,Some College,0,0,0,0,1
STU001233,14,M,White,9,3.98,3.67,0.88,0.864,569,696,0,0,1,55,55,1,High School,0,0,0,1,0
STU001234,15,F,White,10,3.49,3.38,0.924,0.979,554,647,0,0,2,60,62,1,Bachelor+,0,0,0,0,1
STU001235,14,M,Black,9,2.85,3.2,0.858,0.893,659,587,2,4,1,51,53,1,High School,0,0,0,0,0
STU001236,17,M,White,12,3.0,3.2,0.947,0.96,520,535,1,0,1,72,75,1,Some College,0,1,0,0,0
STU001237,15,F,Hispanic,10,2.87,2.41,0.959,1.0,489,480,1,1,1,61,64,0,Less than HS,0,1,0,0,1
STU001238,17,F,White,12,2.89,2.61,1.0,0.979,609,478,0,0,0,70,70,0,High School,0,0,0,0,0
STU001239,17,M,White,12,3.41,3.39,0.956,0.947,589,519,1,0,2,75,76,0,Some College,0,0,0,0,0
STU001240,16,M,Black,11,0.84,0.86,1.0,0.998,314,221,4,12,3,68,72,1,High School,0,0,0,0,0
STU001241,18,M,Black,12,1.37,0.64,0.932,0.886,353,440,6,12,3,73,80,1,Less than HS,0,0,0,0,1
STU001242,15,M,Hispanic,10,1.65,1.23,0.85,0.782,375,362,2,4,3,59,62,0,Some College,0,0,0,0,1
STU001243,14,M,Other,9,2.03,2.06,0.816,0.771,382,454,0,0,3,57,57,1,Some College,1,1,1,2,1
STU001244,16,F,White,11,0.92,1.4,0.828,0.89,314,286,0,0,1,64,66,1,High School,0,0,0,1,1
STU001245,17,F,Hispanic,12,0.95,0.39,1.0,1.0,431,282,6,12,3,73,81,0,High School,0,0,0,0,1
STU001246,18,M,White,12,1.47,1.61,0.797,0.771,367,396,1,2,0,70,71,0,Less than HS,0,0,1,0,1
STU001247,14,F,Asian,9,2.05,1.37,1.0,1.0,402,517,1,3,1,56,58,0,Less than HS,0,0,1,0,0
STU001248,15,F,Black,10,3.98,3.11,0.875,0.938,723,626,0,0,1,63,64,1,Some College,0,0,0,3,0
STU001249,14,M,Asian,9,3.65,3.68,0.96,0.968,610,576,1,2,1,57,59,0,Bachelor+,0,0,0,0,0
STU001250,15,M,Hispanic,10,2.46,2.88,0.968,0.991,511,486,2,2,2,59,61,1,Some College,0,0,0,0,0
STU001251,18,M,White,12,1.24,0.42,0.882,0.94,308,421,2,2,2,73,75,1,Less than HS,0,0,0,0,1
STU001252,18,F,Other,12,1.05,0.99,0.872,0.906,385,457,2,2,3,71,73,0,Less than HS,0,0,0,0,0
STU001253,18,F,Asian,12,1.81,1.57,0.902,0.921,440,461,2,2,0,73,75,0,High School,0,0,0,0,1
STU001254,14,M,White,9,1.05,1.18,0.851,0.865,392,422,2,4,0,53,56,0,High School,0,0,0,0,1
STU001255,16,F,Hispanic,11,1.93,1.83,0.839,0.803,360,443,2,0,1,68,70,0,Some College,0,1,0,0,0
STU001256,16,F,Other,11,2.98,3.19,0.956,0.943,548,616,0,0,1,67,69,0,Bachelor+,1,0,0,0,0
STU001257,16,F,White,11,2.04,1.71,0.852,0.828,463,474,3,0,2,67,70,0,Less than HS,0,0,0,0,1
STU001258,16,F,White,11,2.96,2.84,0.939,0.877,572,537,2,6,1,66,69,1,Bachelor+,0,0,0,1,0
STU001259,17,F,Hispanic,12,2.12,2.14,0.906,0.908,394,341,1,2,0,75,76,0,Less than HS,0,0,1,0,1
STU001260,17,M,Hispanic,12,2.35,2.45,0.962,0.907,508,534,1,0,3,74,76,1,Some College,0,0,0,0,1
STU001261,14,M,White,9,3.27,3.58,1.0,1.0,596,664,0,0,2,51,53,0,Bachelor+,0,0,0,0,0
STU001262,15,M,White,10,2.86,2.47,0.805,0.827,591,574,1,0,0,59,61,0,Less than HS,0,0,1,0,1
STU001263,15,M,Hispanic,10,3.12,3.32,0.924,0.925,623,587,1,0,4,58,61,0,Bachelor+,0,1,0,0,0
STU001264,18,F,Hispanic,12,2.02,2.21,1.0,0.907,458,417,0,0,2,73,74,0,High School,0,0,0,0,1
STU001265,18,M,Hispanic,12,2.52,2.78,0.982,0.979,465,439,4,12,1,71,75,1,Some College,0,0,0,0,0
STU001266,17,M,Other,12,1.46,1.39,0.832,0.838,378,378,1,0,2,73,74,1,High School,0,0,0,1,0
STU001267,18,F,White,12,0.89,0.49,0.79,0.813,314,231,0,0,1,69,70,1,Bachelor+,1,1,0,2,1
STU001268,18,F,Hispanic,12,2.26,1.9,0.922,0.914,507,479,0,0,2,70,71,1,Bachelor+,0,0,0,0,1
STU001269,16,F,White,11,2.14,1.98,0.811,0.923,546,456,2,6,1,69,71,0,Some College,0,0,0,1,1
STU001270,15,F,White,10,1.29,1.03,0.888,0.847,335,499,1,3,1,62,63,0,Less than HS,0,0,0,1,0
STU001271,17,F,White,12,2.32,3.27,0.906,0.967,474,426,0,0,1,75,75,1,Some College,0,0,1,0,0
STU001272,18,F,Black,12,1.58,1.29,0.711,0.667,507,374,1,1,1,72,75,1,Some College,0,0,0,0,1
STU001273,14,M,Black,9,1.7,1.38,1.0,1.0,408,379,3,3,2,52,57,0,Bachelor+,0,0,0,0,1
STU001274,16,F,White,11,2.01,2.32,0.81,0.78,484,378,1,0,0,69,71,1,High School,0,0,0,3,1
STU001275,18,F,White,12,0.16,0.0,0.762,0.771,225,389,1,2,4,74,77,1,Less than HS,0,1,0,0,1
STU001276,15,F,White,10,4.0,3.91,1.0,0.896,639,753,0,0,4,62,63,0,Some College,0,0,0,0,1
STU001277,17,M,Black,12,3.12,3.48,0.861,0.813,461,571,0,0,1,73,73,1,Some College,0,0,0,1,0
STU001278,17,F,Hispanic,12,1.9,2.06,1.0,0.93,462,467,1,2,0,73,75,1,Bachelor+,1,0,0,0,1
STU001279,14,M,Hispanic,9,3.14,3.26,0.929,0.967,553,624,2,6,1,53,57,0,High School,0,0,0,0,1
STU001280,17,F,White,12,2.14,2.36,1.0,1.0,459,548,2,4,1,69,72,1,Bachelor+,0,0,0,1,0
STU001281,18,M,White,12,2.04,1.71,0.823,0.712,394,451,3,9,4,71,75,1,Bachelor+,0,0,0,2,1
STU001282,15,M,White,10,0.83,1.08,1.0,0.959,257,280,2,0,1,59,61,1,Some College,0,0,0,0,0
STU001283,17,F,White,12,2.13,2.05,0.851,0.822,478,485,2,2,1,75,78,0,High School,0,0,0,2,0
STU001284,16,M,White,11,3.56,3.54,0.992,1.0,654,572,0,0,2,64,65,0,Some College,0,0,1,3,0
STU001285,16,F,White,11,2.26,2.23,0.875,0.833,522,505,0,0,2,66,68,1,Bachelor+,0,0,0,0,0
STU001286,14,M,Asian,9,2.91,2.9,1.0,1.0,579,603,2,6,0,57,59,0,Bachelor+,0,0,1,0,0
STU001287,17,M,White,12,2.52,2.75,0.975,0.983,539,557,1,2,4,71,74,1,Less than HS,0,0,0,3,0
STU001288,15,M,Hispanic,10,1.38,1.62,0.979,1.0,435,470,0,0,1,61,63,0,Some College,0,0,0,0,0
STU001289,17,M,White,12,2.27,2.1,0.935,0.96,432,412,1,1,0,72,73,1,Bachelor+,0,0,0,2,1
STU001290,16,M,White,11,3.37,3.93,0.945,0.946,590,583,1,0,1,64,65,1,Some College,0,0,0,1,0
STU001291,16,F,Hispanic,11,2.59,2.22,0.878,0.933,539,519,1,0,3,69,70,1,Bachelor+,0,1,0,0,0
STU001292,15,F,Black,10,2.96,2.96,1.0,1.0,512,559,0,0,1,58,60,1,Some College,0,0,0,1,0
STU001293,18,F,White,12,2.71,2.33,0.896,0.903,507,624,0,0,1,69,70,0,Bachelor+,0,0,0,3,0
STU001294,15,M,Other,10,3.11,2.78,0.986,1.0,608,587,2,0,1,57,61,0,Some College,0,0,0,3,1
STU001295,16,M,Asian,11,2.65,2.75,0.87,0.81,515,543,0,0,2,63,63,0,High School,1,0,0,0,0
STU001296,16,M,Hispanic,11,2.18,1.69,0.86,0.904,514,532,0,0,0,64,66,1,Less than HS,0,0,0,3,1
STU001297,15,F,White,10,2.38,1.91,0.956,0.933,504,454,1,3,1,58,60,1,Bachelor+,0,1,0,0,0
STU001298,16,F,White,11,2.94,2.49,1.0,1.0,478,467,0,0,0,63,65,0,Some College,0,0,0,1,0
STU001299,18,M,White,12,0.84,1.3,0.885,0.851,288,255,4,0,0,75,79,0,Bachelor+,0,0,1,1,1
STU001300,14,M,White,9,4.0,4.0,1.0,1.0,663,724,0,0,2,54,54,0,Bachelor+,0,0,0,0,0
STU001301,15,F,Hispanic,10,4.0,3.42,0.955,0.977,656,595,0,0,2,60,61,1,Some College,0,0,0,0,0
STU001302,17,M,Other,12,1.34,1.06,0.943,0.924,370,416,1,3,2,74,76,1,Some College,1,0,0,0,0
STU001303,17,M,White,12,2.5,2.42,0.879,0.918,606,508,3,9,3,70,73,0,Bachelor+,0,0,0,0,0
STU001304,17,F,White,12,3.09,2.63,0.788,0.824,438,590,0,0,1,71,71,1,Some College,0,0,0,0,1
STU001305,14,F,Black,9,2.87,2.5,0.989,0.967,523,628,1,3,2,54,56,0,Some College,1,0,0,0,0
STU001306,16,M,Asian,11,0.8,1.25,0.789,0.825,325,348,2,0,1,65,67,1,High School,0,0,0,0,0
STU001307,16,F,White,11,4.0,3.99,0.995,1.0,582,689,0,0,3,68,70,0,Some College,0,0,0,2,0
STU001308,18,M,White,12,1.04,1.7,0.802,0.724,344,367,2,2,3,71,74,1,Some College,0,0,0,1,1
STU001309,14,F,Black,9,2.87,2.72,1.0,1.0,485,562,1,2,3,54,55,1,Some College,0,0,0,0,0
STU001310,16,M,White,11,3.23,3.24,0.895,0.889,572,542,0,0,2,63,63,0,Some College,1,0,0,0,0
STU001311,14,F,Hispanic,9,1.73,2.0,0.787,0.851,248,469,1,0,0,51,53,1,Less than HS,0,0,0,1,1
STU001312,18,F,Hispanic,12,1.6,2.1,0.931,0.914,441,393,4,8,2,75,79,0,Some College,0,0,0,0,1
STU001313,14,F,Hispanic,9,1.73,1.41,0.973,0.919,412,465,0,0,4,56,57,0,High School,0,0,0,0,0
STU001314,18,M,Hispanic,12,1.87,2.5,0.794,0.813,460,384,1,3,2,75,76,0,High School,0,0,0,1,1
STU001315,18,F,White,12,2.15,1.7,0.96,1.0,400,468,1,3,1,69,72,0,Some College,0,0,0,0,0
STU001316,17,F,Hispanic,12,2.06,1.6,0.97,0.914,443,520,1,1,1,72,75,0,Bachelor+,0,0,0,0,0
STU001317,14,F,Hispanic,9,1.29,1.24,0.997,0.992,415,376,1,1,1,53,55,0,High School,0,0,0,0,0
STU001318,15,M,Hispanic,10,3.07,3.1,0.909,0.911,527,499,0,0,3,57,59,0,High School,0,1,0,1,0
STU001319,16,F,Hispanic,11,3.46,3.3,0.965,0.873,595,572,0,0,2,65,65,0,Bachelor+,0,1,0,0,0
STU001320,16,F,Black,11,3.63,3.53,0.973,1.0,619,610,0,0,3,63,63,1,Bachelor+,0,0,1,0,0
STU001321,17,F,Black,12,4.0,4.0,0.872,0.779,725,700,0,0,1,73,75,0,Bachelor+,0,0,0,0,0
STU001322,17,M,Hispanic,12,3.74,3.01,0.93,0.904,590,616,0,0,2,73,75,1,High School,0,0,1,0,0
STU001323,14,F,Hispanic,9,3.44,3.27,0.933,0.945,588,675,0,0,1,51,51,0,Bachelor+,1,0,0,2,0
STU001324,16,M,White,11,3.23,2.92,0.917,0.899,567,585,0,0,4,67,68,1,High School,0,0,0,0,0
STU001325,14,M,White,9,3.02,2.8,0.939,0.911,493,504,1,3,1,57,58,0,Some College,0,0,0,1,0
STU001326,16,F,Black,11,1.34,1.46,0.974,1.0,448,426,3,0,1,66,69,1,High School,0,0,0,0,0
STU001327,14,F,Hispanic,9,2.48,2.56,0.994,1.0,480,485,1,0,1,54,56,1,High School,0,0,0,1,1
STU001328,17,M,Other,12,1.5,1.81,0.799,0.832,396,413,3,6,0,72,77,0,Less than HS,0,1,0,0,1
STU001329,18,F,Asian,12,2.5,2.72,0.881,0.906,528,616,1,0,0,69,72,0,Some College,0,0,0,0,0
STU001330,15,M,Hispanic,10,2.91,2.43,0.906,0.961,529,460,0,0,3,63,64,1,High School,0,0,0,0,0
STU001331,15,F,Hispanic,10,1.71,1.91,0.831,0.898,453,408,2,2,0,60,63,1,Less than HS,1,1,1,1,1
STU001332,18,F,Hispanic,12,2.59,2.44,0.911,0.852,530,526,1,2,0,72,75,0,Less than HS,0,0,0,0,1
STU001333,17,F,White,12,1.57,1.78,0.821,0.72,436,384,1,1,2,74,76,0,Some College,0,0,0,0,1
STU001334,14,F,Black,9,3.35,2.83,0.897,0.862,521,513,1,0,3,53,56,0,Less than HS,0,1,0,0,1
STU001335,17,M,Hispanic,12,2.67,2.37,0.853,0.824,594,513,0,0,1,75,76,1,High School,0,1,0,1,0
STU001336,14,F,Hispanic,9,2.37,2.44,0.711,0.731,482,562,2,0,3,54,57,0,Less than HS,0,0,0,0,1
STU001337,16,M,Hispanic,11,3.03,3.27,0.972,1.0,593,607,1,3,1,67,70,0,High School,0,0,0,2,0
STU001338,14,M,White,9,2.5,2.73,1.0,1.0,484,537,1,3,1,53,55,1,Some College,0,0,0,0,0
STU001339,17,F,White,12,4.0,4.0,0.994,1.0,550,592,0,0,3,75,75,0,Bachelor+,0,0,0,0,0
STU001340,16,F,White,11,2.22,1.91,0.886,0.806,447,509,2,2,0,64,67,1,High School,0,0,0,0,0
STU001341,17,M,White,12,2.28,2.51,0.926,0.845,454,495,0,0,1,74,75,1,Some College,0,0,0,0,0
STU001342,17,F,Asian,12,3.32,3.31,1.0,0.976,464,517,0,0,2,74,76,0,Bachelor+,0,0,0,0,0
STU001343,16,M,White,11,4.0,4.0,0.988,1.0,661,595,0,0,4,68,69,0,Some College,0,0,0,0,0
STU001344,18,M,Black,12,2.64,2.65,0.945,1.0,580,499,0,0,1,70,70,0,Some College,0,0,0,0,1
STU001345,15,F,White,10,2.55,2.54,0.856,0.921,526,455,3,6,1,63,66,0,Bachelor+,1,0,0,0,0
STU001346,16,M,White,11,3.38,3.91,0.834,0.861,615,467,0,0,1,63,64,0,Some College,1,0,0,2,0
STU001347,15,M,White,10,2.16,2.7,0.954,0.959,461,401,2,2,1,59,62,1,Bachelor+,0,0,0,0,0
STU001348,14,M,Other,9,3.93,4.0,1.0,1.0,720,732,0,0,0,56,58,1,Bachelor+,0,0,0,0,0
STU001349,16,F,White,11,2.63,2.79,0.905,0.943,443,450,1,1,1,63,65,0,Less than HS,0,0,0,0,0
STU001350,14,F,Asian,9,2.96,2.88,1.0,1.0,538,500,0,0,0,51,53,0,High School,0,0,0,0,0
STU001351,17,M,White,12,3.3,2.56,0.941,0.934,534,516,1,1,2,74,75,1,Bachelor+,0,0,0,2,0
STU001352,16,M,Black,11,2.02,2.17,0.977,0.976,540,421,0,0,3,63,63,1,Some College,0,0,0,0,1
STU001353,17,F,Hispanic,12,1.8,1.66,0.95,0.909,440,440,2,4,1,71,75,1,High School,0,0,0,0,1
STU001354,17,M,White,12,1.64,1.96,1.0,0.982,409,369,2,4,0,69,71,1,High School,0,1,0,0,0
STU001355,18,F,White,12,0.46,0.56,0.991,1.0,255,355,2,2,2,69,73,0,Bachelor+,1,1,0,0,1
STU001356,15,M,White,10,1.81,1.51,0.964,0.999,415,550,0,0,0,57,59,0,High School,0,0,0,0,1
STU001357,18,F,Black,12,1.42,1.12,0.915,1.0,348,436,0,0,2,71,73,1,Bachelor+,0,0,0,2,1
STU001358,16,M,White,11,3.34,4.0,0.982,1.0,593,578,1,0,1,63,64,1,Less than HS,0,0,0,0,1
STU001359,17,M,White,12,2.55,2.43,0.86,0.846,573,464,1,0,0,74,77,1,Some College,0,0,0,0,0
STU001360,14,F,White,9,3.2,2.6,1.0,1.0,554,527,0,0,2,53,54,0,Some College,0,0,0,2,0
STU001361,16,F,Asian,11,3.17,3.48,1.0,1.0,536,548,1,3,0,65,66,1,Some College,1,0,0,0,0
STU001362,17,F,Black,12,2.16,2.12,1.0,0.925,441,572,3,3,2,74,77,0,Some College,0,0,0,1,1
STU001363,16,M,Hispanic,11,0.97,1.4,0.899,0.918,295,363,2,4,2,69,73,1,Some College,0,0,1,0,1
STU001364,17,M,Hispanic,12,2.16,1.93,0.821,0.777,476,430,1,2,2,70,71,1,Some College,0,1,0,0,1
STU001365,16,F,Hispanic,11,2.72,1.92,0.94,0.891,520,462,2,0,1,66,69,1,High School,0,0,0,0,0
STU001366,16,F,White,11,2.73,3.11,1.0,0.992,540,535,1,2,0,66,68,0,Some College,0,0,1,0,1
STU001367,14,F,Black,9,1.31,1.74,0.868,0.828,377,321,5,15,1,54,60,0,Bachelor+,0,0,0,1,0
STU001368,18,M,White,12,2.19,2.22,1.0,1.0,479,497,0,0,1,74,76,1,Less than HS,0,1,0,0,1
STU001369,18,M,Hispanic,12,0.54,0.28,0.891,0.736,274,260,2,6,1,71,75,1,High School,0,0,1,0,0
STU001370,17,M,Asian,12,3.86,3.85,0.913,0.86,636,566,0,0,4,74,74,1,High School,0,0,0,1,0
STU001371,16,M,White,11,4.0,3.74,0.931,0.905,697,622,0,0,0,68,70,0,Bachelor+,0,0,0,0,0
STU001372,18,M,Hispanic,12,1.65,2.24,0.926,0.937,417,399,4,0,3,74,80,0,High School,0,0,0,0,1
STU001373,15,F,White,10,2.49,2.54,0.968,0.899,503,396,2,4,3,63,65,1,Bachelor+,0,0,0,0,0
STU001374,16,M,White,11,3.22,3.24,0.995,1.0,579,622,0,0,2,66,67,1,Bachelor+,0,0,0,0,0
STU001375,18,M,White,12,0.97,1.15,0.932,0.943,344,322,2,0,1,73,77,0,High School,0,0,0,0,1
STU001376,14,F,White,9,2.73,2.41,0.942,0.95,506,495,2,0,4,57,60,0,Some College,0,0,0,0,1
STU001377,15,M,Black,10,3.52,3.59,1.0,0.934,574,606,1,0,1,60,61,0,High School,0,0,1,1,0
STU001378,14,M,Asian,9,0.07,0.35,0.876,0.863,266,275,5,10,1,52,58,1,Bachelor+,1,0,0,0,0
STU001379,15,M,White,10,3.92,3.82,0.947,0.919,587,531,0,0,2,59,60,0,Bachelor+,0,1,0,0,0
STU001380,15,F,Black,10,3.23,2.62,0.934,0.965,574,543,2,6,2,61,64,0,High School,0,0,0,1,1
STU001381,17,F,White,12,1.83,1.3,0.896,0.921,402,428,3,0,1,71,76,1,Less than HS,1,0,0,0,1
STU001382,14,M,White,9,0.04,0.3,0.898,0.88,294,284,1,3,1,51,53,0,Bachelor+,0,1,0,0,0
STU001383,15,F,White,10,2.32,2.29,1.0,1.0,397,401,1,2,0,63,65,0,High School,0,1,0,0,0
STU001384,16,F,Hispanic,11,2.48,2.47,1.0,0.944,467,473,2,4,2,67,70,0,Bachelor+,0,0,0,1,0
STU001385,18,F,White,12,2.38,2.31,0.983,0.974,537,559,1,3,4,69,70,1,Bachelor+,0,0,0,1,0
STU001386,17,F,Hispanic,12,2.64,2.77,1.0,1.0,412,530,0,0,1,75,77,1,Bachelor+,0,1,0,1,0
STU001387,14,M,Hispanic,9,2.87,3.17,0.982,0.885,504,539,0,0,2,54,55,0,Bachelor+,0,0,0,2,0
STU001388,14,M,Other,9,2.75,2.38,0.875,0.904,455,622,1,2,2,56,59,1,High School,0,0,0,0,0
STU001389,14,F,White,9,1.74,1.62,0.851,0.811,386,422,1,3,1,53,56,1,Bachelor+,0,0,0,2,1
STU001390,15,M,Black,10,2.62,1.9,0.918,0.894,557,533,2,0,1,63,66,1,High School,0,0,0,0,0
STU001391,17,M,White,12,2.43,2.54,0.994,0.99,546,481,0,0,0,72,73,1,High School,0,0,0,1,1
STU001392,15,F,Black,10,3.36,3.41,1.0,0.988,576,512,1,2,4,60,62,1,Some College,0,0,0,2,0
STU001393,17,M,Black,12,2.91,2.62,0.902,1.0,561,545,1,3,1,75,77,1,Some College,0,0,0,0,0
STU001394,18,F,White,12,3.46,3.57,0.983,1.0,655,603,0,0,2,75,75,0,Bachelor+,0,0,0,3,1
STU001395,15,M,White,10,2.41,2.04,0.865,0.882,445,487,2,0,2,58,61,0,Bachelor+,0,0,0,0,0
STU001396,17,M,Other,12,2.52,2.86,0.928,0.98,532,437,3,3,0,75,80,0,Some College,0,0,0,1,0
STU001397,18,M,White,12,0.83,0.91,0.951,1.0,392,360,3,0,1,74,78,0,High School,0,0,0,1,1
STU001398,16,M,White,11,3.91,4.0,0.864,0.928,696,599,0,0,3,66,66,0,High School,0,0,0,0,0
STU001399,18,M,Hispanic,12,1.83,1.65,0.831,0.859,485,454,1,0,3,74,75,0,Bachelor+,0,0,1,0,1
STU001400,16,M,Hispanic,11,2.12,2.37,0.905,0.952,414,438,0,0,1,64,66,1,Some College,1,0,1,0,0
STU001401,17,M,Hispanic,12,2.26,2.26,1.0,0.992,585,495,2,4,1,75,79,0,Bachelor+,0,0,0,0,1
STU001402,15,F,White,10,3.08,2.74,0.795,0.839,586,667,1,2,0,60,62,0,High School,0,0,0,2,1
STU001403,16,F,Hispanic,11,3.04,3.48,0.958,0.947,614,681,1,2,4,64,67,0,Bachelor+,1,1,0,3,0
STU001404,15,F,White,10,2.0,1.85,0.985,0.988,499,505,0,0,0,57,59,1,High School,0,0,0,0,1
STU001405,15,F,Asian,10,3.04,3.04,0.925,0.957,520,563,0,0,2,63,63,0,High School,0,0,1,0,0
STU001406,15,F,Hispanic,10,2.82,2.91,0.975,0.929,494,628,1,0,0,60,61,1,High School,0,1,0,0,0
STU001407,16,M,Hispanic,11,2.29,2.35,0.908,0.912,528,411,1,0,0,63,65,1,High School,0,0,0,0,1
STU001408,17,M,White,12,2.65,2.52,1.0,0.964,536,505,0,0,0,74,75,0,Some College,0,0,0,0,0
STU001409,18,F,White,12,3.71,3.71,0.993,1.0,710,642,1,0,0,73,74,0,Bachelor+,0,0,1,3,0
STU001410,16,F,White,11,1.9,2.04,0.973,0.992,454,434,0,0,0,68,70,1,High School,0,1,0,1,0
STU001411,14,F,White,9,2.9,2.28,0.94,0.92,449,542,0,0,1,52,52,1,Some College,0,0,0,0,0
STU001412,14,M,Hispanic,9,1.79,1.83,0.949,0.946,373,384,2,4,1,55,59,0,High School,0,0,1,0,1
STU001413,18,M,Black,12,1.06,0.79,0.865,0.841,331,253,3,0,1,75,78,1,High School,0,0,1,1,0
STU001414,16,F,Black,11,3.01,2.89,1.0,0.943,572,524,1,3,3,67,69,1,High School,0,0,0,0,0
STU001415,15,F,Black,10,1.87,1.79,1.0,0.965,470,426,0,0,3,63,63,1,Bachelor+,0,0,0,1,1
STU001416,16,M,Hispanic,11,1.11,1.29,0.811,0.927,338,368,1,3,2,67,69,1,Bachelor+,0,0,0,3,0
STU001417,18,F,Hispanic,12,2.99,2.93,1.0,1.0,479,445,1,0,0,75,78,0,Bachelor+,0,0,0,0,1
STU001418,17,M,Black,12,2.87,2.36,0.868,0.844,545,548,0,0,2,69,71,1,High School,0,0,0,0,0
STU001419,16,M,Black,11,2.59,2.98,0.923,0.907,533,463,0,0,1,64,64,0,Less than HS,1,0,1,0,0
STU001420,17,M,White,12,3.26,2.8,0.959,0.96,501,504,0,0,2,75,75,0,Bachelor+,0,0,0,0,0
STU001421,18,M,Black,12,2.38,2.18,0.976,1.0,522,526,0,0,1,72,73,1,Bachelor+,0,0,0,0,1
STU001422,15,F,Hispanic,10,0.0,0.0,0.76,0.755,256,261,1,0,2,63,64,1,Bachelor+,0,0,0,0,1
STU001423,16,F,White,11,4.0,4.0,1.0,0.967,735,673,0,0,2,64,66,0,Some College,0,0,0,0,0
STU001424,15,F,Black,10,2.14,2.02,0.854,0.856,460,443,0,0,2,61,61,0,Less than HS,0,0,0,1,0
STU001425,16,M,White,11,3.06,3.15,0.966,0.949,566,598,2,0,0,69,73,0,Bachelor+,0,0,0,0,0
STU001426,16,F,White,11,1.7,1.58,0.919,0.913,485,471,2,4,2,65,68,0,High School,1,0,0,2,1
STU001427,14,F,Hispanic,9,4.0,4.0,1.0,1.0,601,604,0,0,1,56,57,1,Bachelor+,0,0,0,0,0
STU001428,18,M,Other,12,3.53,3.98,0.815,0.774,523,570,0,0,3,71,73,0,Bachelor+,0,0,0,3,1
STU001429,14,M,White,9,1.69,0.92,0.949,0.904,379,296,2,0,3,55,58,1,High School,0,0,0,0,0
STU001430,18,F,Black,12,0.11,0.0,0.847,0.859,310,206,1,1,2,70,72,1,Less than HS,0,0,0,0,1
STU001431,17,F,Hispanic,12,3.11,2.85,0.907,0.83,515,602,0,0,1,75,75,1,Some College,0,0,0,0,0
STU001432,14,M,White,9,1.61,1.35,0.879,0.857,329,397,0,0,1,51,53,1,High School,0,0,0,1,0
STU001433,14,M,Hispanic,9,3.57,4.0,0.861,0.869,570,674,1,2,2,52,54,1,Less than HS,0,1,0,0,0
STU001434,14,F,Hispanic,9,2.87,2.95,0.981,0.94,520,556,3,3,2,53,58,0,High School,0,0,0,1,0
STU001435,17,M,White,12,2.51,2.25,0.946,0.954,494,525,0,0,0,72,73,1,Bachelor+,0,0,0,0,0
STU001436,15,F,Hispanic,10,4.0,3.97,0.967,0.984,637,628,0,0,3,58,60,0,Bachelor+,0,0,0,0,0
STU001437,18,F,White,12,1.88,1.61,0.853,0.821,474,406,1,2,2,72,74,0,High School,0,0,0,1,0
STU001438,16,M,Hispanic,11,2.59,2.66,1.0,0.991,548,507,2,6,2,65,69,0,Less than HS,0,0,0,0,0
STU001439,15,M,Other,10,3.16,3.44,1.0,0.954,512,512,0,0,0,62,62,0,High School,0,0,0,0,0
STU001440,14,F,Hispanic,9,2.49,2.04,0.93,0.887,541,465,2,6,1,52,54,1,High School,1,0,0,0,0
STU001441,14,M,White,9,0.86,1.07,0.861,0.849,496,313,4,8,0,51,56,0,Some College,0,1,0,0,0
STU001442,18,F,White,12,0.0,0.0,0.802,0.873,295,334,2,0,1,70,72,1,High School,0,0,0,0,1
STU001443,16,F,White,11,2.66,2.43,0.981,1.0,465,507,0,0,0,65,65,0,Bachelor+,0,0,0,0,1
STU001444,16,M,Black,11,3.4,3.07,1.0,1.0,590,586,1,1,2,64,66,0,Bachelor+,0,0,0,1,0
STU001445,15,F,White,10,2.24,2.21,0.982,0.974,485,422,0,0,1,59,59,0,Less than HS,0,0,0,0,1
STU001446,14,M,White,9,3.25,3.58,1.0,0.939,505,610,0,0,2,56,57,1,Some College,0,0,0,0,0
STU001447,15,M,White,10,3.09,3.02,0.945,1.0,560,637,0,0,0,60,60,1,Some College,0,0,0,0,0
STU001448,16,M,Asian,11,1.87,1.47,0.795,0.821,348,396,2,6,2,64,68,0,Some College,0,0,0,1,0
STU001449,16,M,Black,11,2.53,2.64,0.913,0.884,522,442,1,3,3,64,67,0,Less than HS,0,0,0,0,0
STU001450,17,M,White,12,1.53,2.12,0.902,0.914,427,423,3,0,3,72,76,1,Some College,0,0,0,0,0
STU001451,15,M,White,10,1.67,1.51,0.812,0.881,429,280,1,1,0,58,60,0,High School,1,0,0,0,1
STU001452,18,M,White,12,1.26,1.54,0.895,0.884,433,441,2,2,2,73,77,1,Some College,0,0,0,0,1
STU001453,14,F,White,9,1.91,2.29,0.962,1.0,483,415,1,0,0,53,54,1,Bachelor+,1,0,0,0,1
STU001454,17,M,White,12,2.48,2.55,0.874,0.866,518,530,3,3,0,71,75,1,High School,0,0,0,1,1
STU001455,14,M,White,9,2.25,1.99,0.89,0.947,489,459,1,3,1,57,60,1,High School,0,0,0,0,0
STU001456,17,F,Other,12,3.09,2.55,0.8,0.758,584,567,1,3,3,70,71,1,High School,0,0,0,1,0
STU001457,16,F,White,11,2.87,2.86,0.842,0.877,520,536,4,8,2,65,69,0,Some College,1,0,0,0,1
STU001458,14,F,Black,9,2.0,1.52,0.962,0.902,475,424,0,0,1,57,58,0,Some College,0,0,0,1,0
STU001459,17,F,White,12,3.74,3.94,1.0,0.966,587,644,0,0,3,69,70,0,Some College,0,0,0,0,0
STU001460,18,M,White,12,0.0,0.27,1.0,1.0,250,315,4,4,1,73,77,1,Less than HS,1,0,0,1,1
STU001461,14,M,White,9,2.26,2.18,0.926,0.962,494,503,1,0,2,57,59,0,High School,0,0,0,0,0
STU001462,18,M,White,12,0.78,0.64,1.0,0.93,223,320,4,0,1,70,75,1,High School,1,0,0,0,1
STU001463,17,F,White,12,2.61,2.67,0.871,0.826,556,517,0,0,4,72,74,1,Bachelor+,0,0,0,1,0
STU001464,15,F,White,10,3.12,3.39,0.907,0.907,659,576,0,0,1,57,59,1,Some College,0,0,0,0,0
STU001465,18,F,White,12,1.54,1.43,0.782,0.559,360,471,2,2,1,70,74,1,Bachelor+,0,0,0,1,1
STU001466,14,M,Black,9,2.47,2.61,0.953,1.0,554,483,1,3,0,53,55,0,Bachelor+,0,0,0,1,1
STU001467,17,F,White,12,4.0,4.0,1.0,0.949,650,632,0,0,3,75,77,0,Some College,0,0,0,0,0
STU001468,18,M,White,12,0.87,0.93,0.625,0.664,387,407,2,6,1,75,78,1,Less than HS,0,0,0,0,1
STU001469,18,M,White,12,2.84,2.27,0.993,1.0,531,484,1,1,2,74,75,1,Some College,0,0,0,0,0
STU001470,17,M,Black,12,3.01,2.67,0.909,0.848,619,594,1,0,2,75,77,1,High School,1,0,0,0,0
STU001471,18,F,White,12,3.63,3.43,0.963,1.0,697,587,0,0,2,71,72,0,Bachelor+,0,0,0,1,0
STU001472,18,M,White,12,2.13,2.32,0.844,0.81,444,398,1,0,1,73,74,1,Bachelor+,1,0,0,0,1
STU001473,16,M,White,11,3.23,3.5,1.0,0.977,568,551,0,0,0,65,65,1,Less than HS,0,0,0,1,1
STU001474,16,M,White,11,0.86,0.96,0.867,0.814,341,301,2,0,0,68,71,1,Some College,0,0,0,0,1
STU001475,14,F,Hispanic,9,3.05,2.84,0.967,0.991,583,581,0,0,2,55,56,0,High School,0,0,0,0,0
STU001476,16,M,Hispanic,11,2.27,2.37,0.798,0.755,489,420,0,0,2,66,67,1,High School,1,0,0,2,1
STU001477,18,F,Black,12,0.96,0.63,0.869,0.903,337,267,5,10,2,69,76,0,Bachelor+,0,0,0,0,1
STU001478,17,F,Black,12,3.03,3.0,0.935,0.896,545,508,0,0,4,74,76,0,High School,1,0,0,1,0
STU001479,15,M,Hispanic,10,0.85,0.57,0.899,0.962,356,273,4,12,0,57,62,1,Less than HS,1,0,0,0,1
STU001480,14,M,Black,9,2.97,2.89,0.785,0.691,452,580,1,3,1,57,58,1,Bachelor+,0,0,0,0,0
STU001481,15,F,Hispanic,10,2.61,1.8,0.9,0.965,586,513,3,3,1,59,63,1,Bachelor+,1,0,0,3,0
STU001482,18,F,White,12,1.82,1.99,0.949,0.937,374,458,3,3,0,69,74,0,High School,0,0,0,0,1
STU001483,14,M,Hispanic,9,2.16,1.74,0.872,0.912,443,501,2,4,1,54,58,0,Some College,0,0,0,2,1
STU001484,17,M,Black,12,2.53,2.09,0.819,0.86,437,476,1,0,3,72,75,1,Bachelor+,0,0,0,0,0
STU001485,18,F,Hispanic,12,0.76,0.36,0.846,0.83,403,362,7,7,3,72,81,1,Less than HS,0,0,0,2,1
STU001486,14,F,White,9,1.17,1.32,0.86,0.88,340,412,1,1,2,53,55,1,Some College,0,0,0,0,0
STU001487,14,F,Hispanic,9,2.94,2.78,1.0,1.0,614,470,2,6,2,57,60,1,Bachelor+,0,0,0,0,1
STU001488,18,M,White,12,0.5,0.69,0.926,0.969,326,280,2,6,1,73,77,1,Some College,0,1,0,0,1
STU001489,17,M,White,12,2.59,2.45,1.0,1.0,558,538,2,0,0,70,72,0,Some College,0,0,0,0,0
STU001490,14,F,Black,9,2.38,2.34,0.937,0.946,428,523,3,9,2,55,60,1,Less than HS,0,1,1,0,0
STU001491,16,F,Black,11,3.15,2.88,1.0,1.0,600,597,0,0,2,67,68,0,High School,0,0,1,0,0
STU001492,17,F,Hispanic,12,2.15,2.45,0.936,0.913,595,342,2,0,0,71,73,0,High School,0,0,0,0,0
STU001493,16,M,Hispanic,11,1.71,1.45,0.833,0.75,438,401,2,2,2,67,69,0,Some College,0,0,0,2,1
STU001494,15,F,White,10,2.41,1.92,0.985,0.907,499,630,2,2,3,58,60,1,Bachelor+,0,0,1,0,0
STU001495,15,M,Hispanic,10,2.28,2.17,0.87,0.864,557,470,3,9,0,60,65,1,Bachelor+,0,0,0,2,1
STU001496,16,M,White,11,1.03,1.11,1.0,0.97,287,419,3,9,1,64,69,0,High School,1,0,0,0,0
STU001497,17,M,White,12,2.0,1.8,0.839,0.904,390,440,2,6,3,72,76,0,Bachelor+,0,0,0,1,1
STU001498,14,M,Black,9,2.75,3.2,0.925,0.85,487,492,0,0,2,51,51,0,Bachelor+,0,1,0,0,0
STU001499,15,M,Black,10,2.14,2.31,0.891,0.862,531,466,3,3,2,63,68,0,Less than HS,0,0,0,0,1
STU001500,17,M,White,12,1.37,0.8,0.89,0.871,301,456,2,0,1,71,73,1,High School,0,0,0,0,0
